number,k_draws_after,reappear_rate,n_obs
1,1,0.1715686274509804,204
1,2,0.16176470588235295,204
1,3,0.11330049261083744,203
1,4,0.14285714285714285,203
1,5,0.19801980198019803,202
1,6,0.14356435643564355,202
1,7,0.16336633663366337,202
1,8,0.11386138613861387,202
1,9,0.19801980198019803,202
1,10,0.16336633663366337,202
1,11,0.15346534653465346,202
1,12,0.14356435643564355,202
1,13,0.15346534653465346,202
1,14,0.15841584158415842,202
1,15,0.13861386138613863,202
1,16,0.15841584158415842,202
1,17,0.19402985074626866,201
1,18,0.16,200
1,19,0.14,200
1,20,0.16080402010050251,199
1,21,0.16080402010050251,199
1,22,0.1407035175879397,199
1,23,0.11557788944723618,199
1,24,0.1306532663316583,199
1,25,0.14646464646464646,198
1,26,0.16666666666666666,198
1,27,0.15656565656565657,198
1,28,0.16161616161616163,198
1,29,0.16243654822335024,197
1,30,0.15816326530612246,196
2,1,0.13025210084033614,238
2,2,0.15126050420168066,238
2,3,0.15126050420168066,238
2,4,0.1638655462184874,238
2,5,0.2184873949579832,238
2,6,0.13445378151260504,238
2,7,0.18907563025210083,238
2,8,0.13865546218487396,238
2,9,0.18067226890756302,238
2,10,0.18067226890756302,238
2,11,0.17721518987341772,237
2,12,0.1350210970464135,237
2,13,0.1940928270042194,237
2,14,0.21518987341772153,237
2,15,0.17721518987341772,237
2,16,0.1308016877637131,237
2,17,0.16033755274261605,237
2,18,0.17721518987341772,237
2,19,0.20675105485232068,237
2,20,0.18143459915611815,237
2,21,0.1729957805907173,237
2,22,0.16455696202531644,237
2,23,0.1518987341772152,237
2,24,0.1652542372881356,236
2,25,0.1483050847457627,236
2,26,0.16101694915254236,236
2,27,0.18220338983050846,236
2,28,0.1906779661016949,236
2,29,0.19491525423728814,236
2,30,0.1864406779661017,236
3,1,0.17796610169491525,236
3,2,0.15677966101694915,236
3,3,0.1652542372881356,236
3,4,0.17372881355932204,236
3,5,0.1652542372881356,236
3,6,0.1694915254237288,236
3,7,0.1694915254237288,236
3,8,0.16595744680851063,235
3,9,0.13191489361702127,235
3,10,0.1574468085106383,235
3,11,0.14042553191489363,235
3,12,0.1794871794871795,234
3,13,0.13675213675213677,234
3,14,0.15384615384615385,234
3,15,0.1630901287553648,233
3,16,0.18025751072961374,233
3,17,0.18454935622317598,233
3,18,0.1759656652360515,233
3,19,0.15450643776824036,233
3,20,0.1759656652360515,233
3,21,0.18454935622317598,233
3,22,0.1759656652360515,233
3,23,0.13733905579399142,233
3,24,0.1853448275862069,232
3,25,0.17672413793103448,232
3,26,0.17672413793103448,232
3,27,0.2025862068965517,232
3,28,0.18614718614718614,231
3,29,0.16883116883116883,231
3,30,0.18695652173913044,230
4,1,0.1894273127753304,227
4,2,0.11894273127753303,227
4,3,0.1504424778761062,226
4,4,0.19469026548672566,226
4,5,0.18584070796460178,226
4,6,0.13716814159292035,226
4,7,0.15486725663716813,226
4,8,0.12831858407079647,226
4,9,0.1688888888888889,225
4,10,0.17333333333333334,225
4,11,0.14666666666666667,225
4,12,0.19111111111111112,225
4,13,0.12444444444444444,225
4,14,0.15178571428571427,224
4,15,0.16964285714285715,224
4,16,0.17410714285714285,224
4,17,0.17410714285714285,224
4,18,0.14732142857142858,224
4,19,0.1875,224
4,20,0.18303571428571427,224
4,21,0.21875,224
4,22,0.12946428571428573,224
4,23,0.16517857142857142,224
4,24,0.19730941704035873,223
4,25,0.15695067264573992,223
4,26,0.16143497757847533,223
4,27,0.15765765765765766,222
4,28,0.16216216216216217,222
4,29,0.13963963963963963,222
4,30,0.1891891891891892,222
5,1,0.16591928251121077,223
5,2,0.16143497757847533,223
5,3,0.21524663677130046,223
5,4,0.14349775784753363,223
5,5,0.12556053811659193,223
5,6,0.1891891891891892,222
5,7,0.16216216216216217,222
5,8,0.16216216216216217,222
5,9,0.14864864864864866,222
5,10,0.12612612612612611,222
5,11,0.16216216216216217,222
5,12,0.18468468468468469,222
5,13,0.14864864864864866,222
5,14,0.12612612612612611,222
5,15,0.16666666666666666,222
5,16,0.18099547511312217,221
5,17,0.19004524886877827,221
5,18,0.167420814479638,221
5,19,0.19909502262443438,221
5,20,0.15384615384615385,221
5,21,0.16289592760180996,221
5,22,0.19004524886877827,221
5,23,0.18099547511312217,221
5,24,0.17194570135746606,221
5,25,0.1583710407239819,221
5,26,0.15384615384615385,221
5,27,0.16289592760180996,221
5,28,0.17647058823529413,221
5,29,0.12669683257918551,221
5,30,0.18099547511312217,221
6,1,0.15306122448979592,196
6,2,0.17346938775510204,196
6,3,0.1377551020408163,196
6,4,0.11224489795918367,196
6,5,0.1683673469387755,196
6,6,0.1683673469387755,196
6,7,0.18877551020408162,196
6,8,0.14871794871794872,195
6,9,0.15384615384615385,195
6,10,0.1282051282051282,195
6,11,0.13333333333333333,195
6,12,0.11282051282051282,195
6,13,0.13333333333333333,195
6,14,0.16923076923076924,195
6,15,0.15463917525773196,194
6,16,0.18041237113402062,194
6,17,0.16494845360824742,194
6,18,0.17525773195876287,194
6,19,0.11855670103092783,194
6,20,0.15979381443298968,194
6,21,0.12371134020618557,194
6,22,0.16494845360824742,194
6,23,0.15463917525773196,194
6,24,0.13402061855670103,194
6,25,0.13917525773195877,194
6,26,0.12886597938144329,194
6,27,0.17010309278350516,194
6,28,0.14948453608247422,194
6,29,0.15463917525773196,194
6,30,0.12886597938144329,194
7,1,0.12962962962962962,216
7,2,0.14814814814814814,216
7,3,0.1712962962962963,216
7,4,0.12962962962962962,216
7,5,0.1574074074074074,216
7,6,0.17592592592592593,216
7,7,0.1574074074074074,216
7,8,0.16203703703703703,216
7,9,0.14351851851851852,216
7,10,0.1574074074074074,216
7,11,0.14351851851851852,216
7,12,0.1574074074074074,216
7,13,0.13425925925925927,216
7,14,0.14814814814814814,216
7,15,0.21296296296296297,216
7,16,0.12037037037037036,216
7,17,0.125,216
7,18,0.125,216
7,19,0.14814814814814814,216
7,20,0.125,216
7,21,0.16279069767441862,215
7,22,0.13488372093023257,215
7,23,0.15348837209302327,215
7,24,0.16279069767441862,215
7,25,0.17209302325581396,215
7,26,0.10697674418604651,215
7,27,0.12093023255813953,215
7,28,0.15348837209302327,215
7,29,0.14883720930232558,215
7,30,0.11162790697674418,215
8,1,0.1782178217821782,202
8,2,0.12437810945273632,201
8,3,0.12437810945273632,201
8,4,0.13930348258706468,201
8,5,0.14427860696517414,201
8,6,0.14427860696517414,201
8,7,0.17412935323383086,201
8,8,0.13930348258706468,201
8,9,0.115,200
8,10,0.125,200
8,11,0.15577889447236182,199
8,12,0.12060301507537688,199
8,13,0.17587939698492464,199
8,14,0.11055276381909548,199
8,15,0.12562814070351758,199
8,16,0.1457286432160804,199
8,17,0.19095477386934673,199
8,18,0.18090452261306533,199
8,19,0.1457286432160804,199
8,20,0.135678391959799,199
8,21,0.1457286432160804,199
8,22,0.12060301507537688,199
8,23,0.1457286432160804,199
8,24,0.1658291457286432,199
8,25,0.10050251256281408,199
8,26,0.1507537688442211,199
8,27,0.10552763819095477,199
8,28,0.1457286432160804,199
8,29,0.135678391959799,199
8,30,0.1407035175879397,199
9,1,0.14423076923076922,208
9,2,0.1875,208
9,3,0.13942307692307693,208
9,4,0.13942307692307693,208
9,5,0.19230769230769232,208
9,6,0.14903846153846154,208
9,7,0.14423076923076922,208
9,8,0.14423076923076922,208
9,9,0.13043478260869565,207
9,10,0.14492753623188406,207
9,11,0.1111111111111111,207
9,12,0.10679611650485436,206
9,13,0.13106796116504854,206
9,14,0.15048543689320387,206
9,15,0.1262135922330097,206
9,16,0.11650485436893204,206
9,17,0.11650485436893204,206
9,18,0.1262135922330097,206
9,19,0.13592233009708737,206
9,20,0.16990291262135923,206
9,21,0.1407766990291262,206
9,22,0.12682926829268293,205
9,23,0.17560975609756097,205
9,24,0.13658536585365855,205
9,25,0.17073170731707318,205
9,26,0.14146341463414633,205
9,27,0.17560975609756097,205
9,28,0.18536585365853658,205
9,29,0.17647058823529413,204
9,30,0.14215686274509803,204
10,1,0.16379310344827586,232
10,2,0.15517241379310345,232
10,3,0.1853448275862069,232
10,4,0.16379310344827586,232
10,5,0.17672413793103448,232
10,6,0.2025862068965517,232
10,7,0.16810344827586207,232
10,8,0.15517241379310345,232
10,9,0.1939655172413793,232
10,10,0.1939655172413793,232
10,11,0.15584415584415584,231
10,12,0.17316017316017315,231
10,13,0.16017316017316016,231
10,14,0.12554112554112554,231
10,15,0.1341991341991342,231
10,16,0.19130434782608696,230
10,17,0.17391304347826086,230
10,18,0.16593886462882096,229
10,19,0.21397379912663755,229
10,20,0.14912280701754385,228
10,21,0.16228070175438597,228
10,22,0.15789473684210525,228
10,23,0.15789473684210525,228
10,24,0.14473684210526316,228
10,25,0.16299559471365638,227
10,26,0.14977973568281938,227
10,27,0.15859030837004406,227
10,28,0.1894273127753304,227
10,29,0.19383259911894274,227
10,30,0.16299559471365638,227
11,1,0.20676691729323307,266
11,2,0.15471698113207547,265
11,3,0.19622641509433963,265
11,4,0.1660377358490566,265
11,5,0.20754716981132076,265
11,6,0.19245283018867926,265
11,7,0.1811320754716981,265
11,8,0.17735849056603772,265
11,9,0.17735849056603772,265
11,10,0.1811320754716981,265
11,11,0.16226415094339622,265
11,12,0.14393939393939395,264
11,13,0.17110266159695817,263
11,14,0.1634980988593156,263
11,15,0.19011406844106463,263
11,16,0.22433460076045628,263
11,17,0.19771863117870722,263
11,18,0.13688212927756654,263
11,19,0.18631178707224336,263
11,20,0.16730038022813687,263
11,21,0.20152091254752852,263
11,22,0.19771863117870722,263
11,23,0.20532319391634982,263
11,24,0.20152091254752852,263
11,25,0.19011406844106463,263
11,26,0.20912547528517111,263
11,27,0.1596958174904943,263
11,28,0.17490494296577946,263
11,29,0.18702290076335878,262
11,30,0.1724137931034483,261
12,1,0.15121951219512195,205
12,2,0.17073170731707318,205
12,3,0.1951219512195122,205
12,4,0.14634146341463414,205
12,5,0.14634146341463414,205
12,6,0.12195121951219512,205
12,7,0.15609756097560976,205
12,8,0.14146341463414633,205
12,9,0.16585365853658537,205
12,10,0.2,205
12,11,0.16585365853658537,205
12,12,0.12195121951219512,205
12,13,0.17560975609756097,205
12,14,0.12682926829268293,205
12,15,0.12195121951219512,205
12,16,0.11764705882352941,204
12,17,0.1330049261083744,203
12,18,0.1330049261083744,203
12,19,0.14356435643564355,202
12,20,0.1782178217821782,202
12,21,0.12935323383084577,201
12,22,0.1691542288557214,201
12,23,0.18,200
12,24,0.12,200
12,25,0.12060301507537688,199
12,26,0.14646464646464646,198
12,27,0.10606060606060606,198
12,28,0.12121212121212122,198
12,29,0.18181818181818182,198
12,30,0.1414141414141414,198
13,1,0.12903225806451613,217
13,2,0.14746543778801843,217
13,3,0.14746543778801843,217
13,4,0.11981566820276497,217
13,5,0.14285714285714285,217
13,6,0.1152073732718894,217
13,7,0.15207373271889402,217
13,8,0.12903225806451613,217
13,9,0.15668202764976957,217
13,10,0.15207373271889402,217
13,11,0.15207373271889402,217
13,12,0.15207373271889402,217
13,13,0.18433179723502305,217
13,14,0.15207373271889402,217
13,15,0.12442396313364056,217
13,16,0.15207373271889402,217
13,17,0.20276497695852536,217
13,18,0.12903225806451613,217
13,19,0.15668202764976957,217
13,20,0.1382488479262673,217
13,21,0.16203703703703703,216
13,22,0.19444444444444445,216
13,23,0.14814814814814814,216
13,24,0.13425925925925927,216
13,25,0.14814814814814814,216
13,26,0.12037037037037036,216
13,27,0.16203703703703703,216
13,28,0.14418604651162792,215
13,29,0.14883720930232558,215
13,30,0.16744186046511628,215
14,1,0.21862348178137653,247
14,2,0.14227642276422764,246
14,3,0.17073170731707318,246
14,4,0.17479674796747968,246
14,5,0.1836734693877551,245
14,6,0.2,245
14,7,0.20408163265306123,245
14,8,0.22540983606557377,244
14,9,0.20491803278688525,244
14,10,0.15163934426229508,244
14,11,0.14754098360655737,244
14,12,0.1522633744855967,243
14,13,0.1522633744855967,243
14,14,0.20987654320987653,243
14,15,0.1934156378600823,243
14,16,0.19753086419753085,243
14,17,0.1934156378600823,243
14,18,0.14814814814814814,243
14,19,0.17695473251028807,243
14,20,0.17695473251028807,243
14,21,0.16049382716049382,243
14,22,0.13580246913580246,243
14,23,0.18930041152263374,243
14,24,0.19753086419753085,243
14,25,0.205761316872428,243
14,26,0.2139917695473251,243
14,27,0.1646090534979424,243
14,28,0.13580246913580246,243
14,29,0.1728395061728395,243
14,30,0.17695473251028807,243
15,1,0.1218274111675127,197
15,2,0.14213197969543148,197
15,3,0.14720812182741116,197
15,4,0.15306122448979592,196
15,5,0.13846153846153847,195
15,6,0.14871794871794872,195
15,7,0.12886597938144329,194
15,8,0.13917525773195877,194
15,9,0.11855670103092783,194
15,10,0.10824742268041238,194
15,11,0.10824742268041238,194
15,12,0.11855670103092783,194
15,13,0.12371134020618557,194
15,14,0.15463917525773196,194
15,15,0.14948453608247422,194
15,16,0.16494845360824742,194
15,17,0.10824742268041238,194
15,18,0.1958762886597938,194
15,19,0.12886597938144329,194
15,20,0.17010309278350516,194
15,21,0.15979381443298968,194
15,22,0.14432989690721648,194
15,23,0.15463917525773196,194
15,24,0.15979381443298968,194
15,25,0.16494845360824742,194
15,26,0.12435233160621761,193
15,27,0.16145833333333334,192
15,28,0.14583333333333334,192
15,29,0.140625,192
15,30,0.14583333333333334,192
16,1,0.21030042918454936,233
16,2,0.15021459227467812,233
16,3,0.15879828326180256,233
16,4,0.17167381974248927,233
16,5,0.17167381974248927,233
16,6,0.17167381974248927,233
16,7,0.15517241379310345,232
16,8,0.17672413793103448,232
16,9,0.17316017316017315,231
16,10,0.18614718614718614,231
16,11,0.1471861471861472,231
16,12,0.1774891774891775,231
16,13,0.14285714285714285,231
16,14,0.14285714285714285,231
16,15,0.15584415584415584,231
16,16,0.19913419913419914,231
16,17,0.1608695652173913,230
16,18,0.1565217391304348,230
16,19,0.1565217391304348,230
16,20,0.1782608695652174,230
16,21,0.14347826086956522,230
16,22,0.1565217391304348,230
16,23,0.13043478260869565,230
16,24,0.19130434782608696,230
16,25,0.1782608695652174,230
16,26,0.1956521739130435,230
16,27,0.1565217391304348,230
16,28,0.15217391304347827,230
16,29,0.16956521739130434,230
16,30,0.1965065502183406,229
17,1,0.19457013574660634,221
17,2,0.17272727272727273,220
17,3,0.12727272727272726,220
17,4,0.1506849315068493,219
17,5,0.16055045871559634,218
17,6,0.14678899082568808,218
17,7,0.14220183486238533,218
17,8,0.1743119266055046,218
17,9,0.16972477064220184,218
17,10,0.1743119266055046,218
17,11,0.14678899082568808,218
17,12,0.13761467889908258,218
17,13,0.2073732718894009,217
17,14,0.14351851851851852,216
17,15,0.1712962962962963,216
17,16,0.1527777777777778,216
17,17,0.16203703703703703,216
17,18,0.1813953488372093,215
17,19,0.16744186046511628,215
17,20,0.14418604651162792,215
17,21,0.14018691588785046,214
17,22,0.19626168224299065,214
17,23,0.14485981308411214,214
17,24,0.1542056074766355,214
17,25,0.14018691588785046,214
17,26,0.10747663551401869,214
17,27,0.16822429906542055,214
17,28,0.1542056074766355,214
17,29,0.10747663551401869,214
17,30,0.17757009345794392,214
18,1,0.14349775784753363,223
18,2,0.13452914798206278,223
18,3,0.14349775784753363,223
18,4,0.15695067264573992,223
18,5,0.16591928251121077,223
18,6,0.15246636771300448,223
18,7,0.17488789237668162,223
18,8,0.15695067264573992,223
18,9,0.13901345291479822,223
18,10,0.2062780269058296,223
18,11,0.15695067264573992,223
18,12,0.18385650224215247,223
18,13,0.13901345291479822,223
18,14,0.15246636771300448,223
18,15,0.15246636771300448,223
18,16,0.11210762331838565,223
18,17,0.17040358744394618,223
18,18,0.15246636771300448,223
18,19,0.17488789237668162,223
18,20,0.13452914798206278,223
18,21,0.12556053811659193,223
18,22,0.13063063063063063,222
18,23,0.16216216216216217,222
18,24,0.14864864864864866,222
18,25,0.16216216216216217,222
18,26,0.19909502262443438,221
18,27,0.1409090909090909,220
18,28,0.15,220
18,29,0.17272727272727273,220
18,30,0.2,220
19,1,0.14285714285714285,245
19,2,0.1680327868852459,244
19,3,0.22950819672131148,244
19,4,0.1762295081967213,244
19,5,0.1721311475409836,244
19,6,0.18442622950819673,244
19,7,0.18442622950819673,244
19,8,0.19262295081967212,244
19,9,0.13934426229508196,244
19,10,0.1557377049180328,244
19,11,0.1557377049180328,244
19,12,0.18032786885245902,244
19,13,0.1721311475409836,244
19,14,0.14754098360655737,244
19,15,0.1680327868852459,244
19,16,0.18442622950819673,244
19,17,0.1762295081967213,244
19,18,0.18442622950819673,244
19,19,0.1680327868852459,244
19,20,0.1885245901639344,244
19,21,0.14754098360655737,244
19,22,0.1728395061728395,243
19,23,0.18930041152263374,243
19,24,0.18518518518518517,243
19,25,0.18181818181818182,242
19,26,0.16115702479338842,242
19,27,0.16115702479338842,242
19,28,0.16597510373443983,241
19,29,0.1950207468879668,241
19,30,0.1908713692946058,241
20,1,0.13617021276595745,235
20,2,0.16595744680851063,235
20,3,0.1581196581196581,234
20,4,0.1623931623931624,234
20,5,0.1452991452991453,234
20,6,0.19230769230769232,234
20,7,0.16666666666666666,234
20,8,0.1459227467811159,233
20,9,0.15450643776824036,233
20,10,0.21551724137931033,232
20,11,0.1896551724137931,232
20,12,0.19827586206896552,232
20,13,0.18614718614718614,231
20,14,0.18181818181818182,231
20,15,0.1645021645021645,231
20,16,0.16017316017316016,231
20,17,0.18181818181818182,231
20,18,0.13043478260869565,230
20,19,0.16956521739130434,230
20,20,0.1782608695652174,230
20,21,0.17391304347826086,230
20,22,0.19130434782608696,230
20,23,0.1615720524017467,229
20,24,0.14912280701754385,228
20,25,0.16228070175438597,228
20,26,0.16228070175438597,228
20,27,0.17105263157894737,228
20,28,0.18421052631578946,228
20,29,0.16666666666666666,228
20,30,0.1762114537444934,227
21,1,0.23553719008264462,242
21,2,0.19421487603305784,242
21,3,0.1322314049586777,242
21,4,0.1487603305785124,242
21,5,0.18181818181818182,242
21,6,0.18181818181818182,242
21,7,0.16942148760330578,242
21,8,0.1446280991735537,242
21,9,0.16942148760330578,242
21,10,0.15289256198347106,242
21,11,0.17355371900826447,242
21,12,0.15289256198347106,242
21,13,0.15289256198347106,242
21,14,0.1487603305785124,242
21,15,0.12396694214876033,242
21,16,0.16942148760330578,242
21,17,0.15702479338842976,242
21,18,0.2024793388429752,242
21,19,0.1825726141078838,241
21,20,0.15416666666666667,240
21,21,0.11666666666666667,240
21,22,0.16666666666666666,240
21,23,0.2125,240
21,24,0.15416666666666667,240
21,25,0.22594142259414227,239
21,26,0.16736401673640167,239
21,27,0.14644351464435146,239
21,28,0.14644351464435146,239
21,29,0.1799163179916318,239
21,30,0.18410041841004185,239
22,1,0.14166666666666666,240
22,2,0.19583333333333333,240
22,3,0.17083333333333334,240
22,4,0.14583333333333334,240
22,5,0.17083333333333334,240
22,6,0.13807531380753138,239
22,7,0.19246861924686193,239
22,8,0.1506276150627615,239
22,9,0.1799163179916318,239
22,10,0.16317991631799164,239
22,11,0.18487394957983194,238
22,12,0.13445378151260504,238
22,13,0.14705882352941177,238
22,14,0.18067226890756302,238
22,15,0.21008403361344538,238
22,16,0.19747899159663865,238
22,17,0.1350210970464135,237
22,18,0.24050632911392406,237
22,19,0.16877637130801687,237
22,20,0.15611814345991562,237
22,21,0.14767932489451477,237
22,22,0.18143459915611815,237
22,23,0.19831223628691982,237
22,24,0.12658227848101267,237
22,25,0.1729957805907173,237
22,26,0.14767932489451477,237
22,27,0.14767932489451477,237
22,28,0.12658227848101267,237
22,29,0.1652542372881356,236
22,30,0.18220338983050846,236
23,1,0.1574468085106383,235
23,2,0.16170212765957448,235
23,3,0.225531914893617,235
23,4,0.20512820512820512,234
23,5,0.19658119658119658,234
23,6,0.19230769230769232,234
23,7,0.20085470085470086,234
23,8,0.1752136752136752,234
23,9,0.17094017094017094,234
23,10,0.1452991452991453,234
23,11,0.19230769230769232,234
23,12,0.20512820512820512,234
23,13,0.16738197424892703,233
23,14,0.1459227467811159,233
23,15,0.1724137931034483,232
23,16,0.15086206896551724,232
23,17,0.16883116883116883,231
23,18,0.15584415584415584,231
23,19,0.20346320346320346,231
23,20,0.16017316017316016,231
23,21,0.12987012987012986,231
23,22,0.16017316017316016,231
23,23,0.1774891774891775,231
23,24,0.15584415584415584,231
23,25,0.18181818181818182,231
23,26,0.16017316017316016,231
23,27,0.19047619047619047,231
23,28,0.14285714285714285,231
23,29,0.16017316017316016,231
23,30,0.20346320346320346,231
24,1,0.17410714285714285,224
24,2,0.14285714285714285,224
24,3,0.16517857142857142,224
24,4,0.14732142857142858,224
24,5,0.16071428571428573,224
24,6,0.15625,224
24,7,0.15178571428571427,224
24,8,0.12946428571428573,224
24,9,0.12053571428571429,224
24,10,0.16964285714285715,224
24,11,0.17410714285714285,224
24,12,0.14732142857142858,224
24,13,0.18303571428571427,224
24,14,0.19730941704035873,223
24,15,0.15695067264573992,223
24,16,0.19282511210762332,223
24,17,0.16143497757847533,223
24,18,0.17040358744394618,223
24,19,0.16143497757847533,223
24,20,0.13901345291479822,223
24,21,0.18385650224215247,223
24,22,0.15695067264573992,223
24,23,0.16666666666666666,222
24,24,0.18468468468468469,222
24,25,0.13963963963963963,222
24,26,0.17567567567567569,222
24,27,0.17567567567567569,222
24,28,0.17117117117117117,222
24,29,0.16666666666666666,222
24,30,0.16666666666666666,222
25,1,0.17647058823529413,221
25,2,0.17194570135746606,221
25,3,0.1409090909090909,220
25,4,0.17272727272727273,220
25,5,0.1409090909090909,220
25,6,0.15,220
25,7,0.15,220
25,8,0.14545454545454545,220
25,9,0.16818181818181818,220
25,10,0.1415525114155251,219
25,11,0.136986301369863,219
25,12,0.1552511415525114,219
25,13,0.1917808219178082,219
25,14,0.1324200913242009,219
25,15,0.1651376146788991,218
25,16,0.19724770642201836,218
25,17,0.10091743119266056,218
25,18,0.13761467889908258,218
25,19,0.12903225806451613,217
25,20,0.16589861751152074,217
25,21,0.1336405529953917,217
25,22,0.16589861751152074,217
25,23,0.12442396313364056,217
25,24,0.17050691244239632,217
25,25,0.15207373271889402,217
25,26,0.13425925925925927,216
25,27,0.1111111111111111,216
25,28,0.14814814814814814,216
25,29,0.14351851851851852,216
25,30,0.16666666666666666,216
26,1,0.12807881773399016,203
26,2,0.14285714285714285,203
26,3,0.12807881773399016,203
26,4,0.1485148514851485,202
26,5,0.14356435643564355,202
26,6,0.19402985074626866,201
26,7,0.16,200
26,8,0.15,200
26,9,0.155,200
26,10,0.135678391959799,199
26,11,0.12562814070351758,199
26,12,0.11557788944723618,199
26,13,0.1306532663316583,199
26,14,0.17587939698492464,199
26,15,0.09547738693467336,199
26,16,0.17587939698492464,199
26,17,0.1658291457286432,199
26,18,0.1507537688442211,199
26,19,0.1306532663316583,199
26,20,0.1457286432160804,199
26,21,0.1507537688442211,199
26,22,0.15577889447236182,199
26,23,0.1306532663316583,199
26,24,0.1306532663316583,199
26,25,0.1507537688442211,199
26,26,0.1407035175879397,199
26,27,0.12562814070351758,199
26,28,0.135678391959799,199
26,29,0.12562814070351758,199
26,30,0.1457286432160804,199
27,1,0.17012448132780084,241
27,2,0.18672199170124482,241
27,3,0.2074688796680498,241
27,4,0.23236514522821577,241
27,5,0.17012448132780084,241
27,6,0.18672199170124482,241
27,7,0.175,240
27,8,0.17916666666666667,240
27,9,0.16666666666666666,240
27,10,0.1799163179916318,239
27,11,0.1589958158995816,239
27,12,0.17154811715481172,239
27,13,0.1799163179916318,239
27,14,0.17573221757322174,239
27,15,0.21008403361344538,238
27,16,0.1638655462184874,238
27,17,0.18907563025210083,238
27,18,0.1638655462184874,238
27,19,0.16455696202531644,237
27,20,0.20253164556962025,237
27,21,0.16033755274261605,237
27,22,0.18565400843881857,237
27,23,0.16877637130801687,237
27,24,0.21940928270042195,237
27,25,0.17721518987341772,237
27,26,0.20253164556962025,237
27,27,0.1308016877637131,237
27,28,0.16877637130801687,237
27,29,0.16877637130801687,237
27,30,0.21940928270042195,237
28,1,0.13901345291479822,223
28,2,0.17488789237668162,223
28,3,0.18385650224215247,223
28,4,0.16591928251121077,223
28,5,0.14349775784753363,223
28,6,0.17040358744394618,223
28,7,0.15246636771300448,223
28,8,0.14798206278026907,223
28,9,0.17040358744394618,223
28,10,0.17040358744394618,223
28,11,0.16143497757847533,223
28,12,0.17567567567567569,222
28,13,0.15315315315315314,222
28,14,0.15384615384615385,221
28,15,0.11312217194570136,221
28,16,0.14027149321266968,221
28,17,0.167420814479638,221
28,18,0.17194570135746606,221
28,19,0.13574660633484162,221
28,20,0.16363636363636364,220
28,21,0.12727272727272726,220
28,22,0.1409090909090909,220
28,23,0.17272727272727273,220
28,24,0.1598173515981735,219
28,25,0.1735159817351598,219
28,26,0.14220183486238533,218
28,27,0.1651376146788991,218
28,28,0.13761467889908258,218
28,29,0.14220183486238533,218
28,30,0.16055045871559634,218
29,1,0.20444444444444446,225
29,2,0.14222222222222222,225
29,3,0.13839285714285715,224
29,4,0.14285714285714285,224
29,5,0.14798206278026907,223
29,6,0.16216216216216217,222
29,7,0.17117117117117117,222
29,8,0.19369369369369369,222
29,9,0.17567567567567569,222
29,10,0.13063063063063063,222
29,11,0.13513513513513514,222
29,12,0.1036036036036036,222
29,13,0.19004524886877827,221
29,14,0.14545454545454545,220
29,15,0.20909090909090908,220
29,16,0.2009132420091324,219
29,17,0.136986301369863,219
29,18,0.1735159817351598,219
29,19,0.1506849315068493,219
29,20,0.1278538812785388,219
29,21,0.14678899082568808,218
29,22,0.1935483870967742,217
29,23,0.16589861751152074,217
29,24,0.18433179723502305,217
29,25,0.1889400921658986,217
29,26,0.15207373271889402,217
29,27,0.17050691244239632,217
29,28,0.2175925925925926,216
29,29,0.15813953488372093,215
29,30,0.15813953488372093,215
30,1,0.17573221757322174,239
30,2,0.21338912133891214,239
30,3,0.200836820083682,239
30,4,0.200836820083682,239
30,5,0.1506276150627615,239
30,6,0.11764705882352941,238
30,7,0.15546218487394958,238
30,8,0.17647058823529413,238
30,9,0.16033755274261605,237
30,10,0.16877637130801687,237
30,11,0.20253164556962025,237
30,12,0.18565400843881857,237
30,13,0.15611814345991562,237
30,14,0.18143459915611815,237
30,15,0.15611814345991562,237
30,16,0.17372881355932204,236
30,17,0.15677966101694915,236
30,18,0.16101694915254236,236
30,19,0.1652542372881356,236
30,20,0.13135593220338984,236
30,21,0.1694915254237288,236
30,22,0.1652542372881356,236
30,23,0.17872340425531916,235
30,24,0.17872340425531916,235
30,25,0.18723404255319148,235
30,26,0.1702127659574468,235
30,27,0.21367521367521367,234
30,28,0.19658119658119658,234
30,29,0.18376068376068377,234
30,30,0.13675213675213677,234
31,1,0.16733067729083664,251
31,2,0.1752988047808765,251
31,3,0.14342629482071714,251
31,4,0.18,250
31,5,0.192,250
31,6,0.192,250
31,7,0.1927710843373494,249
31,8,0.1975806451612903,248
31,9,0.20967741935483872,248
31,10,0.16194331983805668,247
31,11,0.2032520325203252,246
31,12,0.18699186991869918,246
31,13,0.21138211382113822,246
31,14,0.2032520325203252,246
31,15,0.17886178861788618,246
31,16,0.18292682926829268,246
31,17,0.1951219512195122,246
31,18,0.15510204081632653,245
31,19,0.21721311475409835,244
31,20,0.1728395061728395,243
31,21,0.205761316872428,243
31,22,0.2024793388429752,242
31,23,0.1825726141078838,241
31,24,0.1908713692946058,241
31,25,0.18672199170124482,241
31,26,0.17842323651452283,241
31,27,0.20416666666666666,240
31,28,0.2217573221757322,239
31,29,0.16317991631799164,239
31,30,0.16317991631799164,239
