num_a,num_b,observed_count,expected_count,lift,odds_ratio,p_raw,period,p_bonf,sig_bonf,p_holm,sig_holm,p_fdr,sig_fdr
1,2,31,30.193548387096776,1.0267094017094016,0.8546020453534905,0.853780704510487,full,1.0,False,1.0,False,0.9659562715264634,False
1,3,35,30.193548387096776,1.159188034188034,1.0231999531314078,0.35720678863729965,full,1.0,False,1.0,False,0.9134515360957742,False
1,4,20,30.193548387096776,0.6623931623931624,0.5183946488294314,0.0649278943462515,full,1.0,False,1.0,False,0.7528447821894237,False
1,5,32,30.193548387096776,1.0598290598290598,0.9828320954584195,0.7124512001298489,full,1.0,False,1.0,False,0.9659562715264634,False
1,6,24,30.193548387096776,0.7948717948717949,0.7968992248062016,0.3102501858601514,full,1.0,False,1.0,False,0.9134515360957742,False
1,7,24,30.193548387096776,0.7948717948717949,0.7,0.3102501858601514,full,1.0,False,1.0,False,0.9134515360957742,False
1,8,18,30.193548387096776,0.596153846153846,0.5343618513323983,0.021209118020324956,full,1.0,False,1.0,False,0.7528447821894237,False
1,9,23,30.193548387096776,0.7617521367521367,0.6927463910176439,0.2302639891439897,full,1.0,False,1.0,False,0.9134515360957742,False
1,10,34,30.193548387096776,1.1260683760683758,1.0121212121212122,0.4612160308224047,full,1.0,False,1.0,False,0.9204525937013656,False
1,11,39,30.193548387096776,1.2916666666666665,1.0131357629154987,0.11655045230135694,full,1.0,False,1.0,False,0.7969994164725144,False
1,12,27,30.193548387096776,0.8942307692307692,0.8758331746334032,0.6450481380209045,full,1.0,False,1.0,False,0.961369821088848,False
1,13,21,30.193548387096776,0.6955128205128205,0.5878220140515222,0.09714126221799016,full,1.0,False,1.0,False,0.7528447821894237,False
1,14,31,30.193548387096776,1.0267094017094016,0.8163134232498395,0.853780704510487,full,1.0,False,1.0,False,0.9659562715264634,False
1,15,27,30.193548387096776,0.8942307692307692,0.9242273180458624,0.6450481380209045,full,1.0,False,1.0,False,0.961369821088848,False
1,16,25,30.193548387096776,0.8279914529914529,0.6660936828534594,0.4066332644555382,full,1.0,False,1.0,False,0.9134515360957742,False
1,17,26,30.193548387096776,0.861111111111111,0.7528089887640449,0.5188315085513573,full,1.0,False,1.0,False,0.9243549864995446,False
1,18,25,30.193548387096776,0.8279914529914529,0.7067885559505671,0.4066332644555382,full,1.0,False,1.0,False,0.9134515360957742,False
1,19,22,30.193548387096776,0.7286324786324786,0.5295914847484354,0.1409449631431578,full,1.0,False,1.0,False,0.840248818738056,False
1,20,27,30.193548387096776,0.8942307692307692,0.727509778357236,0.6450481380209045,full,1.0,False,1.0,False,0.961369821088848,False
1,21,32,30.193548387096776,1.0598290598290598,0.8770764119601329,0.7124512001298489,full,1.0,False,1.0,False,0.9659562715264634,False
1,22,21,30.193548387096776,0.6955128205128205,0.5140354816977318,0.09714126221799016,full,1.0,False,1.0,False,0.7528447821894237,False
1,23,31,30.193548387096776,1.0267094017094016,0.874872492349541,0.853780704510487,full,1.0,False,1.0,False,0.9659562715264634,False
1,24,19,30.193548387096776,0.6292735042735043,0.4984838497033619,0.04209445570616836,full,1.0,False,1.0,False,0.7528447821894237,False
1,25,31,30.193548387096776,1.0267094017094016,0.9525403103133556,0.853780704510487,full,1.0,False,1.0,False,0.9659562715264634,False
1,26,24,30.193548387096776,0.7948717948717949,0.7605214152700186,0.3102501858601514,full,1.0,False,1.0,False,0.9134515360957742,False
1,27,31,30.193548387096776,1.0267094017094016,0.8447563996696945,0.853780704510487,full,1.0,False,1.0,False,0.9659562715264634,False
1,28,25,30.193548387096776,0.8279914529914529,0.7067885559505671,0.4066332644555382,full,1.0,False,1.0,False,0.9134515360957742,False
1,29,33,30.193548387096776,1.0929487179487178,1.013157894736842,0.5804212529492752,full,1.0,False,1.0,False,0.9338957876173459,False
1,30,27,30.193548387096776,0.8942307692307692,0.7109050207866965,0.6450481380209045,full,1.0,False,1.0,False,0.961369821088848,False
1,31,31,30.193548387096776,1.0267094017094016,0.7937907043653388,0.853780704510487,full,1.0,False,1.0,False,0.9659562715264634,False
2,3,43,30.193548387096776,1.424145299145299,1.098069640227225,0.026493816551501716,full,1.0,False,1.0,False,0.7528447821894237,False
2,4,32,30.193548387096776,1.0598290598290598,0.764270925761609,0.7124512001298489,full,1.0,False,1.0,False,0.9659562715264634,False
2,5,30,30.193548387096776,0.9935897435897435,0.7229094875672459,1.0,full,1.0,False,1.0,False,1.0,False
2,6,21,30.193548387096776,0.6955128205128205,0.544954128440367,0.09714126221799016,full,1.0,False,1.0,False,0.7528447821894237,False
2,7,28,30.193548387096776,0.9273504273504273,0.6896238781889684,0.7823030217496556,full,1.0,False,1.0,False,0.9659562715264634,False
2,8,23,30.193548387096776,0.7617521367521367,0.5865404510655907,0.2302639891439897,full,1.0,False,1.0,False,0.9134515360957742,False
2,9,27,30.193548387096776,0.8942307692307692,0.6878758034418412,0.6450481380209045,full,1.0,False,1.0,False,0.961369821088848,False
2,10,31,30.193548387096776,1.0267094017094016,0.7147914274779946,0.853780704510487,full,1.0,False,1.0,False,0.9659562715264634,False
2,11,45,30.193548387096776,1.4903846153846152,0.9908102812893596,0.009670976717344973,full,1.0,False,1.0,False,0.6424291676522017,False
2,12,22,30.193548387096776,0.7286324786324786,0.5440306212384478,0.1409449631431578,full,1.0,False,1.0,False,0.840248818738056,False
2,13,41,30.193548387096776,1.3579059829059827,1.163596189164371,0.05273803729570686,full,1.0,False,1.0,False,0.7528447821894237,False
2,14,35,30.193548387096776,1.159188034188034,0.7712495375508694,0.35720678863729965,full,1.0,False,1.0,False,0.9134515360957742,False
2,15,27,30.193548387096776,0.8942307692307692,0.7454217536071032,0.6450481380209045,full,1.0,False,1.0,False,0.961369821088848,False
2,16,38,30.193548387096776,1.2585470085470085,0.940426074754433,0.16615843884076675,full,1.0,False,1.0,False,0.8490513633072146,False
2,17,24,30.193548387096776,0.7948717948717949,0.5485066698146618,0.3102501858601514,full,1.0,False,1.0,False,0.9134515360957742,False
2,18,29,30.193548387096776,0.9604700854700853,0.6911880216003927,0.9266235287233359,full,1.0,False,1.0,False,0.9882567450833742,False
2,19,38,30.193548387096776,1.2585470085470085,0.8749489268632682,0.16615843884076675,full,1.0,False,1.0,False,0.8490513633072146,False
2,20,28,30.193548387096776,0.9273504273504273,0.6141447443734689,0.7823030217496556,full,1.0,False,1.0,False,0.9659562715264634,False
2,21,30,30.193548387096776,0.9935897435897435,0.6452559357226686,1.0,full,1.0,False,1.0,False,1.0,False
2,22,37,30.193548387096776,1.2254273504273503,0.8680193142466957,0.1980487822798055,full,1.0,False,1.0,False,0.9118087501000947,False
2,23,35,30.193548387096776,1.159188034188034,0.8278186274509803,0.35720678863729965,full,1.0,False,1.0,False,0.9134515360957742,False
2,24,41,30.193548387096776,1.3579059829059827,1.1111663078876193,0.05273803729570686,full,1.0,False,1.0,False,0.7528447821894237,False
2,25,27,30.193548387096776,0.8942307692307692,0.6374489398949621,0.6450481380209045,full,1.0,False,1.0,False,0.961369821088848,False
2,26,26,30.193548387096776,0.861111111111111,0.6813612371024641,0.5188315085513573,full,1.0,False,1.0,False,0.9243549864995446,False
2,27,30,30.193548387096776,0.9935897435897435,0.6489943082609583,1.0,full,1.0,False,1.0,False,1.0,False
2,28,33,30.193548387096776,1.0929487179487178,0.8220490546755238,0.5804212529492752,full,1.0,False,1.0,False,0.9338957876173459,False
2,29,34,30.193548387096776,1.1260683760683758,0.8457668241603882,0.4612160308224047,full,1.0,False,1.0,False,0.9204525937013656,False
2,30,36,30.193548387096776,1.192307692307692,0.840398941978694,0.26950915959692945,full,1.0,False,1.0,False,0.9134515360957742,False
2,31,34,30.193548387096776,1.1260683760683758,0.7204743790557172,0.4612160308224047,full,1.0,False,1.0,False,0.9204525937013656,False
3,4,35,30.193548387096776,1.159188034188034,0.8744164571897605,0.35720678863729965,full,1.0,False,1.0,False,0.9134515360957742,False
3,5,32,30.193548387096776,1.0598290598290598,0.7976503639381943,0.7124512001298489,full,1.0,False,1.0,False,0.9659562715264634,False
3,6,25,30.193548387096776,0.8279914529914529,0.6868586560741476,0.4066332644555382,full,1.0,False,1.0,False,0.9134515360957742,False
3,7,31,30.193548387096776,1.0267094017094016,0.7987929677250065,0.853780704510487,full,1.0,False,1.0,False,0.9659562715264634,False
3,8,31,30.193548387096776,1.0267094017094016,0.8765116675183103,0.853780704510487,full,1.0,False,1.0,False,0.9659562715264634,False
3,9,30,30.193548387096776,0.9935897435897435,0.7999352279167679,1.0,full,1.0,False,1.0,False,1.0,False
3,10,37,30.193548387096776,1.2254273504273503,0.9221538461538461,0.1980487822798055,full,1.0,False,1.0,False,0.9118087501000947,False
3,11,45,30.193548387096776,1.4903846153846152,1.003252262443439,0.009670976717344973,full,1.0,False,1.0,False,0.6424291676522017,False
3,12,27,30.193548387096776,0.8942307692307692,0.7143659711075442,0.6450481380209045,full,1.0,False,1.0,False,0.961369821088848,False
3,13,29,30.193548387096776,0.9604700854700853,0.7260382569558101,0.9266235287233359,full,1.0,False,1.0,False,0.9882567450833742,False
3,14,44,30.193548387096776,1.4572649572649572,1.0826207917506827,0.016213468074566077,full,1.0,False,1.0,False,0.7528447821894237,False
3,15,28,30.193548387096776,0.9273504273504273,0.7911440785934714,0.7823030217496556,full,1.0,False,1.0,False,0.9659562715264634,False
3,16,33,30.193548387096776,1.0929487179487178,0.7821323529411764,0.5804212529492752,full,1.0,False,1.0,False,0.9338957876173459,False
3,17,25,30.193548387096776,0.8279914529914529,0.5842077396996534,0.4066332644555382,full,1.0,False,1.0,False,0.9134515360957742,False
3,18,22,30.193548387096776,0.7286324786324786,0.4917736896910795,0.1409449631431578,full,1.0,False,1.0,False,0.840248818738056,False
3,19,35,30.193548387096776,1.159188034188034,0.7896039603960396,0.35720678863729965,full,1.0,False,1.0,False,0.9134515360957742,False
3,20,33,30.193548387096776,1.0929487179487178,0.7727868375072802,0.5804212529492752,full,1.0,False,1.0,False,0.9338957876173459,False
3,21,23,30.193548387096776,0.7617521367521367,0.46524132633465626,0.2302639891439897,full,1.0,False,1.0,False,0.9134515360957742,False
3,22,40,30.193548387096776,1.3247863247863247,0.9817258883248731,0.07948478690877639,full,1.0,False,1.0,False,0.7528447821894237,False
3,23,32,30.193548387096776,1.0598290598290598,0.7412711762585606,0.7124512001298489,full,1.0,False,1.0,False,0.9659562715264634,False
3,24,26,30.193548387096776,0.861111111111111,0.603044664656039,0.5188315085513573,full,1.0,False,1.0,False,0.9243549864995446,False
3,25,38,30.193548387096776,1.2585470085470085,1.0267732103138645,0.16615843884076675,full,1.0,False,1.0,False,0.8490513633072146,False
3,26,24,30.193548387096776,0.7948717948717949,0.6219214729719097,0.3102501858601514,full,1.0,False,1.0,False,0.9134515360957742,False
3,27,31,30.193548387096776,1.0267094017094016,0.6857836338418862,0.853780704510487,full,1.0,False,1.0,False,0.9659562715264634,False
3,28,24,30.193548387096776,0.7948717948717949,0.5480925755538255,0.3102501858601514,full,1.0,False,1.0,False,0.9134515360957742,False
3,29,24,30.193548387096776,0.7948717948717949,0.541517763296195,0.3102501858601514,full,1.0,False,1.0,False,0.9134515360957742,False
3,30,26,30.193548387096776,0.861111111111111,0.5518990721580669,0.5188315085513573,full,1.0,False,1.0,False,0.9243549864995446,False
3,31,40,30.193548387096776,1.3247863247863247,0.9146633464227565,0.07948478690877639,full,1.0,False,1.0,False,0.7528447821894237,False
4,5,25,30.193548387096776,0.8279914529914529,0.6082997462307808,0.4066332644555382,full,1.0,False,1.0,False,0.9134515360957742,False
4,6,24,30.193548387096776,0.7948717948717949,0.6867305061559508,0.3102501858601514,full,1.0,False,1.0,False,0.9134515360957742,False
4,7,25,30.193548387096776,0.8279914529914529,0.6351069042890671,0.4066332644555382,full,1.0,False,1.0,False,0.9134515360957742,False
4,8,23,30.193548387096776,0.7617521367521367,0.624908025616569,0.2302639891439897,full,1.0,False,1.0,False,0.9134515360957742,False
4,9,35,30.193548387096776,1.159188034188034,1.0443094514918707,0.35720678863729965,full,1.0,False,1.0,False,0.9134515360957742,False
4,10,27,30.193548387096776,0.8942307692307692,0.6362577357116854,0.6450481380209045,full,1.0,False,1.0,False,0.961369821088848,False
4,11,35,30.193548387096776,1.159188034188034,0.7418747056052756,0.35720678863729965,full,1.0,False,1.0,False,0.9134515360957742,False
4,12,18,30.193548387096776,0.596153846153846,0.4533231474407945,0.021209118020324956,full,1.0,False,1.0,False,0.7528447821894237,False
4,13,31,30.193548387096776,1.0267094017094016,0.8375634517766497,0.853780704510487,full,1.0,False,1.0,False,0.9659562715264634,False
4,14,30,30.193548387096776,0.9935897435897435,0.6695992179863147,1.0,full,1.0,False,1.0,False,1.0,False
4,15,33,30.193548387096776,1.0929487179487178,1.0442776735459662,0.5804212529492752,full,1.0,False,1.0,False,0.9338957876173459,False
4,16,40,30.193548387096776,1.3247863247863247,1.0836732444052475,0.07948478690877639,full,1.0,False,1.0,False,0.7528447821894237,False
4,17,26,30.193548387096776,0.861111111111111,0.6475247524752475,0.5188315085513573,full,1.0,False,1.0,False,0.9243549864995446,False
4,18,32,30.193548387096776,1.0598290598290598,0.8419702959717918,0.7124512001298489,full,1.0,False,1.0,False,0.9659562715264634,False
4,19,39,30.193548387096776,1.2916666666666665,0.9716443211588842,0.11655045230135694,full,1.0,False,1.0,False,0.7969994164725144,False
4,20,26,30.193548387096776,0.861111111111111,0.5955279738500165,0.5188315085513573,full,1.0,False,1.0,False,0.9243549864995446,False
4,21,31,30.193548387096776,1.0267094017094016,0.7196814780956047,0.853780704510487,full,1.0,False,1.0,False,0.9659562715264634,False
4,22,36,30.193548387096776,1.192307692307692,0.8933823529411765,0.26950915959692945,full,1.0,False,1.0,False,0.9134515360957742,False
4,23,25,30.193548387096776,0.8279914529914529,0.5665024630541872,0.4066332644555382,full,1.0,False,1.0,False,0.9134515360957742,False
4,24,30,30.193548387096776,0.9935897435897435,0.7669478288034989,1.0,full,1.0,False,1.0,False,1.0,False
4,25,26,30.193548387096776,0.861111111111111,0.6475247524752475,0.5188315085513573,full,1.0,False,1.0,False,0.9243549864995446,False
4,26,38,30.193548387096776,1.2585470085470085,1.2254545454545454,0.16615843884076675,full,1.0,False,1.0,False,0.8490513633072146,False
4,27,34,30.193548387096776,1.1260683760683758,0.8204093829373973,0.4612160308224047,full,1.0,False,1.0,False,0.9204525937013656,False
4,28,32,30.193548387096776,1.0598290598290598,0.8419702959717918,0.7124512001298489,full,1.0,False,1.0,False,0.9659562715264634,False
4,29,30,30.193548387096776,0.9935897435897435,0.7622377622377622,1.0,full,1.0,False,1.0,False,1.0,False
4,30,32,30.193548387096776,1.0598290598290598,0.764270925761609,0.7124512001298489,full,1.0,False,1.0,False,0.9659562715264634,False
4,31,42,30.193548387096776,1.391025641025641,1.038709677419355,0.03408523555021485,full,1.0,False,1.0,False,0.7528447821894237,False
5,6,37,30.193548387096776,1.2254273504273503,1.2786231148982214,0.1980487822798055,full,1.0,False,1.0,False,0.9118087501000947,False
5,7,33,30.193548387096776,1.0929487179487178,0.9471958584987058,0.5804212529492752,full,1.0,False,1.0,False,0.9338957876173459,False
5,8,23,30.193548387096776,0.7617521367521367,0.6437430167597765,0.2302639891439897,full,1.0,False,1.0,False,0.9134515360957742,False
5,9,23,30.193548387096776,0.7617521367521367,0.6151881720430108,0.2302639891439897,full,1.0,False,1.0,False,0.9134515360957742,False
5,10,26,30.193548387096776,0.861111111111111,0.6246611798334237,0.5188315085513573,full,1.0,False,1.0,False,0.9243549864995446,False
5,11,33,30.193548387096776,1.0929487179487178,0.7066636548452677,0.5804212529492752,full,1.0,False,1.0,False,0.9338957876173459,False
5,12,35,30.193548387096776,1.159188034188034,1.1071652065081352,0.35720678863729965,full,1.0,False,1.0,False,0.9134515360957742,False
5,13,28,30.193548387096776,0.9273504273504273,0.753656220322887,0.7823030217496556,full,1.0,False,1.0,False,0.9659562715264634,False
5,14,30,30.193548387096776,0.9935897435897435,0.6905279243571071,1.0,full,1.0,False,1.0,False,1.0,False
5,15,25,30.193548387096776,0.8279914529914529,0.7406918017383134,0.4066332644555382,full,1.0,False,1.0,False,0.9134515360957742,False
5,16,34,30.193548387096776,1.1260683760683758,0.8877190183722847,0.4612160308224047,full,1.0,False,1.0,False,0.9204525937013656,False
5,17,27,30.193548387096776,0.8942307692307692,0.7008468335787923,0.6450481380209045,full,1.0,False,1.0,False,0.961369821088848,False
5,18,32,30.193548387096776,1.0598290598290598,0.8683972478824593,0.7124512001298489,full,1.0,False,1.0,False,0.9659562715264634,False
5,19,30,30.193548387096776,0.9935897435897435,0.6983973972767803,1.0,full,1.0,False,1.0,False,1.0,False
5,20,35,30.193548387096776,1.159188034188034,0.9131648936170212,0.35720678863729965,full,1.0,False,1.0,False,0.9134515360957742,False
5,21,34,30.193548387096776,1.1260683760683758,0.8415242165242165,0.4612160308224047,full,1.0,False,1.0,False,0.9204525937013656,False
5,22,30,30.193548387096776,0.9935897435897435,0.7187268689859363,1.0,full,1.0,False,1.0,False,1.0,False
5,23,31,30.193548387096776,1.0267094017094016,0.7732587826797386,0.853780704510487,full,1.0,False,1.0,False,0.9659562715264634,False
5,24,31,30.193548387096776,1.0267094017094016,0.8265328151986183,0.853780704510487,full,1.0,False,1.0,False,0.9659562715264634,False
5,25,26,30.193548387096776,0.861111111111111,0.6673434856175973,0.5188315085513573,full,1.0,False,1.0,False,0.9243549864995446,False
5,26,20,30.193548387096776,0.6623931623931624,0.537295754932838,0.0649278943462515,full,1.0,False,1.0,False,0.7528447821894237,False
5,27,38,30.193548387096776,1.2585470085470085,0.9895886033817068,0.16615843884076675,full,1.0,False,1.0,False,0.8490513633072146,False
5,28,25,30.193548387096776,0.8279914529914529,0.6268493010917253,0.4066332644555382,full,1.0,False,1.0,False,0.9134515360957742,False
5,29,30,30.193548387096776,0.9935897435897435,0.7859705061777601,1.0,full,1.0,False,1.0,False,1.0,False
5,30,31,30.193548387096776,1.0267094017094016,0.7552834535256411,0.853780704510487,full,1.0,False,1.0,False,0.9659562715264634,False
5,31,26,30.193548387096776,0.861111111111111,0.557701810340955,0.5188315085513573,full,1.0,False,1.0,False,0.9243549864995446,False
6,7,17,30.193548387096776,0.5630341880341879,0.48154178714803064,0.012620823368806058,full,1.0,False,1.0,False,0.7335853583118521,False
6,8,28,30.193548387096776,0.9273504273504273,0.9904214559386973,0.7823030217496556,full,1.0,False,1.0,False,0.9659562715264634,False
6,9,16,30.193548387096776,0.5299145299145299,0.4674726540011514,0.007284653493982984,full,1.0,False,1.0,False,0.6424291676522017,False
6,10,28,30.193548387096776,0.9273504273504273,0.8202614379084967,0.7823030217496556,full,1.0,False,1.0,False,0.9659562715264634,False
6,11,36,30.193548387096776,1.192307692307692,0.9567391304347826,0.26950915959692945,full,1.0,False,1.0,False,0.9134515360957742,False
6,12,29,30.193548387096776,0.9604700854700853,1.018236254763201,0.9266235287233359,full,1.0,False,1.0,False,0.9882567450833742,False
6,13,22,30.193548387096776,0.7286324786324786,0.6568228706159741,0.1409449631431578,full,1.0,False,1.0,False,0.840248818738056,False
6,14,34,30.193548387096776,1.1260683760683758,0.9804092041963717,0.4612160308224047,full,1.0,False,1.0,False,0.9204525937013656,False
6,15,27,30.193548387096776,0.8942307692307692,0.9754959972154542,0.6450481380209045,full,1.0,False,1.0,False,0.961369821088848,False
6,16,25,30.193548387096776,0.8279914529914529,0.7028789923526766,0.4066332644555382,full,1.0,False,1.0,False,0.9134515360957742,False
6,17,31,30.193548387096776,1.0267094017094016,1.0066347687400319,0.853780704510487,full,1.0,False,1.0,False,0.9659562715264634,False
6,18,23,30.193548387096776,0.7617521367521367,0.6700578034682081,0.2302639891439897,full,1.0,False,1.0,False,0.9134515360957742,False
6,19,20,30.193548387096776,0.6623931623931624,0.49646464646464644,0.0649278943462515,full,1.0,False,1.0,False,0.7528447821894237,False
6,20,25,30.193548387096776,0.8279914529914529,0.6947925368978001,0.4066332644555382,full,1.0,False,1.0,False,0.9134515360957742,False
6,21,28,30.193548387096776,0.9273504273504273,0.7741433021806854,0.7823030217496556,full,1.0,False,1.0,False,0.9659562715264634,False
6,22,25,30.193548387096776,0.8279914529914529,0.6752345981232151,0.4066332644555382,full,1.0,False,1.0,False,0.9134515360957742,False
6,23,33,30.193548387096776,1.0929487179487178,1.008260948794266,0.5804212529492752,full,1.0,False,1.0,False,0.9338957876173459,False
6,24,26,30.193548387096776,0.861111111111111,0.780154486036839,0.5188315085513573,full,1.0,False,1.0,False,0.9243549864995446,False
6,25,23,30.193548387096776,0.7617521367521367,0.6781689729666608,0.2302639891439897,full,1.0,False,1.0,False,0.9134515360957742,False
6,26,15,30.193548387096776,0.49679487179487175,0.4496297167038909,0.0031073727670102875,full,1.0,False,1.0,False,0.6424291676522017,False
6,27,26,30.193548387096776,0.861111111111111,0.7063748290013679,0.5188315085513573,full,1.0,False,1.0,False,0.9243549864995446,False
6,28,28,30.193548387096776,0.9273504273504273,0.8658119658119658,0.7823030217496556,full,1.0,False,1.0,False,0.9659562715264634,False
6,29,27,30.193548387096776,0.8942307692307692,0.814954276492738,0.6450481380209045,full,1.0,False,1.0,False,0.961369821088848,False
6,30,28,30.193548387096776,0.9273504273504273,0.7875197472353871,0.7823030217496556,full,1.0,False,1.0,False,0.9659562715264634,False
6,31,33,30.193548387096776,1.0929487179487178,0.9142785107992268,0.5804212529492752,full,1.0,False,1.0,False,0.9338957876173459,False
7,8,25,30.193548387096776,0.8279914529914529,0.7476262312538823,0.4066332644555382,full,1.0,False,1.0,False,0.9134515360957742,False
7,9,29,30.193548387096776,0.9604700854700853,0.8684491978609625,0.9266235287233359,full,1.0,False,1.0,False,0.9882567450833742,False
7,10,26,30.193548387096776,0.861111111111111,0.6523249872253449,0.5188315085513573,full,1.0,False,1.0,False,0.9243549864995446,False
7,11,35,30.193548387096776,1.159188034188034,0.8011049723756906,0.35720678863729965,full,1.0,False,1.0,False,0.9134515360957742,False
7,12,24,30.193548387096776,0.7948717948717949,0.6954419889502762,0.3102501858601514,full,1.0,False,1.0,False,0.9134515360957742,False
7,13,27,30.193548387096776,0.8942307692307692,0.750375939849624,0.6450481380209045,full,1.0,False,1.0,False,0.961369821088848,False
7,14,35,30.193548387096776,1.159188034188034,0.8902324611696029,0.35720678863729965,full,1.0,False,1.0,False,0.9134515360957742,False
7,15,22,30.193548387096776,0.7286324786324786,0.6564359351988218,0.1409449631431578,full,1.0,False,1.0,False,0.840248818738056,False
7,16,29,30.193548387096776,0.9604700854700853,0.7480339729474678,0.9266235287233359,full,1.0,False,1.0,False,0.9882567450833742,False
7,17,40,30.193548387096776,1.3247863247863247,1.2644399799095931,0.07948478690877639,full,1.0,False,1.0,False,0.7528447821894237,False
7,18,34,30.193548387096776,1.1260683760683758,0.9874411302982732,0.4612160308224047,full,1.0,False,1.0,False,0.9204525937013656,False
7,19,30,30.193548387096776,0.9935897435897435,0.7299324831207802,1.0,full,1.0,False,1.0,False,1.0,False
7,20,24,30.193548387096776,0.7948717948717949,0.5787914691943128,0.3102501858601514,full,1.0,False,1.0,False,0.9134515360957742,False
7,21,34,30.193548387096776,1.1260683760683758,0.8801775147928994,0.4612160308224047,full,1.0,False,1.0,False,0.9204525937013656,False
7,22,32,30.193548387096776,1.0598290598290598,0.8193979933110368,0.7124512001298489,full,1.0,False,1.0,False,0.9659562715264634,False
7,23,29,30.193548387096776,0.9604700854700853,0.7392658740459996,0.9266235287233359,full,1.0,False,1.0,False,0.9882567450833742,False
7,24,28,30.193548387096776,0.9273504273504273,0.7537993920972644,0.7823030217496556,full,1.0,False,1.0,False,0.9659562715264634,False
7,25,33,30.193548387096776,1.0929487179487178,0.959190791768399,0.5804212529492752,full,1.0,False,1.0,False,0.9338957876173459,False
7,26,23,30.193548387096776,0.7617521367521367,0.6673575129533679,0.2302639891439897,full,1.0,False,1.0,False,0.9134515360957742,False
7,27,34,30.193548387096776,1.1260683760683758,0.8853320592451027,0.4612160308224047,full,1.0,False,1.0,False,0.9204525937013656,False
7,28,25,30.193548387096776,0.8279914529914529,0.6544502617801047,0.4066332644555382,full,1.0,False,1.0,False,0.9134515360957742,False
7,29,25,30.193548387096776,0.8279914529914529,0.6465968586387435,0.4066332644555382,full,1.0,False,1.0,False,0.9134515360957742,False
7,30,28,30.193548387096776,0.9273504273504273,0.6896238781889684,0.7823030217496556,full,1.0,False,1.0,False,0.9659562715264634,False
7,31,35,30.193548387096776,1.159188034188034,0.865264658706113,0.35720678863729965,full,1.0,False,1.0,False,0.9134515360957742,False
8,9,30,30.193548387096776,0.9935897435897435,0.996816941665584,1.0,full,1.0,False,1.0,False,1.0,False
8,10,29,30.193548387096776,0.9604700854700853,0.8249380677126342,0.9266235287233359,full,1.0,False,1.0,False,0.9882567450833742,False
8,11,31,30.193548387096776,1.0267094017094016,0.7459748662436232,0.853780704510487,full,1.0,False,1.0,False,0.9659562715264634,False
8,12,28,30.193548387096776,0.9273504273504273,0.9318786934216508,0.7823030217496556,full,1.0,False,1.0,False,0.9659562715264634,False
8,13,24,30.193548387096776,0.7948717948717949,0.7048960819700762,0.3102501858601514,full,1.0,False,1.0,False,0.9134515360957742,False
8,14,34,30.193548387096776,1.1260683760683758,0.9396937178627319,0.4612160308224047,full,1.0,False,1.0,False,0.9204525937013656,False
8,15,19,30.193548387096776,0.6292735042735043,0.5972861791612942,0.04209445570616836,full,1.0,False,1.0,False,0.7528447821894237,False
8,16,21,30.193548387096776,0.6955128205128205,0.5418013134577296,0.09714126221799016,full,1.0,False,1.0,False,0.7528447821894237,False
8,17,24,30.193548387096776,0.7948717948717949,0.6878457765356756,0.3102501858601514,full,1.0,False,1.0,False,0.9134515360957742,False
8,18,21,30.193548387096776,0.6955128205128205,0.5743668289480882,0.09714126221799016,full,1.0,False,1.0,False,0.7528447821894237,False
8,19,31,30.193548387096776,1.0267094017094016,0.8369678089304258,0.853780704510487,full,1.0,False,1.0,False,0.9659562715264634,False
8,20,25,30.193548387096776,0.8279914529914529,0.6672047350013451,0.4066332644555382,full,1.0,False,1.0,False,0.9134515360957742,False
8,21,34,30.193548387096776,1.1260683760683758,0.9671474358974359,0.4612160308224047,full,1.0,False,1.0,False,0.9204525937013656,False
8,22,29,30.193548387096776,0.9604700854700853,0.7873051530011232,0.9266235287233359,full,1.0,False,1.0,False,0.9882567450833742,False
8,23,26,30.193548387096776,0.861111111111111,0.7018812527185733,0.5188315085513573,full,1.0,False,1.0,False,0.9243549864995446,False
8,24,30,30.193548387096776,0.9935897435897435,0.9062574922081036,1.0,full,1.0,False,1.0,False,1.0,False
8,25,22,30.193548387096776,0.7286324786324786,0.6160245672808486,0.1409449631431578,full,1.0,False,1.0,False,0.840248818738056,False
8,26,26,30.193548387096776,0.861111111111111,0.855482794042116,0.5188315085513573,full,1.0,False,1.0,False,0.9243549864995446,False
8,27,32,30.193548387096776,1.0598290598290598,0.8943428088938925,0.7124512001298489,full,1.0,False,1.0,False,0.9659562715264634,False
8,28,33,30.193548387096776,1.0929487179487178,1.0400498287137963,0.5804212529492752,full,1.0,False,1.0,False,0.9338957876173459,False
8,29,26,30.193548387096776,0.861111111111111,0.7445751484696208,0.5188315085513573,full,1.0,False,1.0,False,0.9243549864995446,False
8,30,29,30.193548387096776,0.9604700854700853,0.7918524635287641,0.9266235287233359,full,1.0,False,1.0,False,0.9882567450833742,False
8,31,33,30.193548387096776,1.0929487179487178,0.876469157817946,0.5804212529492752,full,1.0,False,1.0,False,0.9338957876173459,False
9,10,24,30.193548387096776,0.7948717948717949,0.6155925155925156,0.3102501858601514,full,1.0,False,1.0,False,0.9134515360957742,False
9,11,34,30.193548387096776,1.1260683760683758,0.8064532019704433,0.4612160308224047,full,1.0,False,1.0,False,0.9204525937013656,False
9,12,19,30.193548387096776,0.6292735042735043,0.5424731182795699,0.04209445570616836,full,1.0,False,1.0,False,0.7528447821894237,False
9,13,30,30.193548387096776,0.9935897435897435,0.9034146924386819,1.0,full,1.0,False,1.0,False,1.0,False
9,14,38,30.193548387096776,1.2585470085470085,1.0483785220627326,0.16615843884076675,full,1.0,False,1.0,False,0.8490513633072146,False
9,15,29,30.193548387096776,0.9604700854700853,0.9848875661375661,0.9266235287233359,full,1.0,False,1.0,False,0.9882567450833742,False
9,16,24,30.193548387096776,0.7948717948717949,0.6120263804474331,0.3102501858601514,full,1.0,False,1.0,False,0.9134515360957742,False
9,17,21,30.193548387096776,0.6955128205128205,0.555718085106383,0.09714126221799016,full,1.0,False,1.0,False,0.7528447821894237,False
9,18,28,30.193548387096776,0.9273504273504273,0.793313500495821,0.7823030217496556,full,1.0,False,1.0,False,0.9659562715264634,False
9,19,34,30.193548387096776,1.1260683760683758,0.9060528097494922,0.4612160308224047,full,1.0,False,1.0,False,0.9204525937013656,False
9,20,21,30.193548387096776,0.6955128205128205,0.5120550805329092,0.09714126221799016,full,1.0,False,1.0,False,0.7528447821894237,False
9,21,32,30.193548387096776,1.0598290598290598,0.8479956954533225,0.7124512001298489,full,1.0,False,1.0,False,0.9659562715264634,False
9,22,32,30.193548387096776,1.0598290598290598,0.8578878748370273,0.7124512001298489,full,1.0,False,1.0,False,0.9659562715264634,False
9,23,28,30.193548387096776,0.9273504273504273,0.7383564203165452,0.7823030217496556,full,1.0,False,1.0,False,0.9659562715264634,False
9,24,25,30.193548387096776,0.8279914529914529,0.6800305877212147,0.4066332644555382,full,1.0,False,1.0,False,0.9134515360957742,False
9,25,26,30.193548387096776,0.861111111111111,0.7285974499089253,0.5188315085513573,full,1.0,False,1.0,False,0.9243549864995446,False
9,26,28,30.193548387096776,0.9273504273504273,0.901657458563536,0.7823030217496556,full,1.0,False,1.0,False,0.9659562715264634,False
9,27,29,30.193548387096776,0.9604700854700853,0.7470387840670859,0.9266235287233359,full,1.0,False,1.0,False,0.9882567450833742,False
9,28,18,30.193548387096776,0.596153846153846,0.4551142893627889,0.021209118020324956,full,1.0,False,1.0,False,0.7528447821894237,False
9,29,39,30.193548387096776,1.2916666666666665,1.2444971537001897,0.11655045230135694,full,1.0,False,1.0,False,0.7969994164725144,False
9,30,31,30.193548387096776,1.0267094017094016,0.8264098962834918,0.853780704510487,full,1.0,False,1.0,False,0.9659562715264634,False
9,31,33,30.193548387096776,1.0929487179487178,0.8356164383561644,0.5804212529492752,full,1.0,False,1.0,False,0.9338957876173459,False
10,11,35,30.193548387096776,1.159188034188034,0.7237348100292262,0.35720678863729965,full,1.0,False,1.0,False,0.9134515360957742,False
10,12,27,30.193548387096776,0.8942307692307692,0.7354891751164703,0.6450481380209045,full,1.0,False,1.0,False,0.961369821088848,False
10,13,31,30.193548387096776,1.0267094017094016,0.8175787728026535,0.853780704510487,full,1.0,False,1.0,False,0.9659562715264634,False
10,14,24,30.193548387096776,0.7948717948717949,0.4910313901345291,0.3102501858601514,full,1.0,False,1.0,False,0.9134515360957742,False
10,15,29,30.193548387096776,0.9604700854700853,0.8537414965986394,0.9266235287233359,full,1.0,False,1.0,False,0.9882567450833742,False
10,16,34,30.193548387096776,1.1260683760683758,0.8396020506573271,0.4612160308224047,full,1.0,False,1.0,False,0.9204525937013656,False
10,17,29,30.193548387096776,0.9604700854700853,0.7291666666666666,0.9266235287233359,full,1.0,False,1.0,False,0.9882567450833742,False
10,18,27,30.193548387096776,0.8942307692307692,0.655848680935789,0.6450481380209045,full,1.0,False,1.0,False,0.961369821088848,False
10,19,27,30.193548387096776,0.8942307692307692,0.5763705526963526,0.6450481380209045,full,1.0,False,1.0,False,0.961369821088848,False
10,20,42,30.193548387096776,1.391025641025641,1.1212980638123806,0.03408523555021485,full,1.0,False,1.0,False,0.7528447821894237,False
10,21,37,30.193548387096776,1.2254273504273503,0.8950343964978111,0.1980487822798055,full,1.0,False,1.0,False,0.9118087501000947,False
10,22,35,30.193548387096776,1.159188034188034,0.8380586851553795,0.35720678863729965,full,1.0,False,1.0,False,0.9134515360957742,False
10,23,36,30.193548387096776,1.192307692307692,0.8980617372577172,0.26950915959692945,full,1.0,False,1.0,False,0.9134515360957742,False
10,24,36,30.193548387096776,1.192307692307692,0.9613547546678246,0.26950915959692945,full,1.0,False,1.0,False,0.9134515360957742,False
10,25,29,30.193548387096776,0.9604700854700853,0.7291666666666666,0.9266235287233359,full,1.0,False,1.0,False,0.9882567450833742,False
10,26,20,30.193548387096776,0.6623931623931624,0.5098463759150428,0.0649278943462515,full,1.0,False,1.0,False,0.7528447821894237,False
10,27,36,30.193548387096776,1.192307692307692,0.8664011946241912,0.26950915959692945,full,1.0,False,1.0,False,0.9134515360957742,False
10,28,30,30.193548387096776,0.9935897435897435,0.7533473554609347,1.0,full,1.0,False,1.0,False,1.0,False
10,29,28,30.193548387096776,0.9273504273504273,0.6793072558972828,0.7823030217496556,full,1.0,False,1.0,False,0.9659562715264634,False
10,30,34,30.193548387096776,1.1260683760683758,0.8100024636610003,0.4612160308224047,full,1.0,False,1.0,False,0.9204525937013656,False
10,31,40,30.193548387096776,1.3247863247863247,0.9433962264150944,0.07948478690877639,full,1.0,False,1.0,False,0.7528447821894237,False
11,12,33,30.193548387096776,1.0929487179487178,0.7954386665335862,0.5804212529492752,full,1.0,False,1.0,False,0.9338957876173459,False
11,13,30,30.193548387096776,0.9935897435897435,0.6464696818635004,1.0,full,1.0,False,1.0,False,1.0,False
11,14,41,30.193548387096776,1.3579059829059827,0.8244228694714132,0.05273803729570686,full,1.0,False,1.0,False,0.7528447821894237,False
11,15,29,30.193548387096776,0.9604700854700853,0.7064998995378742,0.9266235287233359,full,1.0,False,1.0,False,0.9882567450833742,False
11,16,40,30.193548387096776,1.3247863247863247,0.8666147003530652,0.07948478690877639,full,1.0,False,1.0,False,0.7528447821894237,False
11,17,35,30.193548387096776,1.159188034188034,0.7754969045291626,0.35720678863729965,full,1.0,False,1.0,False,0.9134515360957742,False
11,18,38,30.193548387096776,1.2585470085470085,0.8585585585585586,0.16615843884076675,full,1.0,False,1.0,False,0.8490513633072146,False
11,19,32,30.193548387096776,1.0598290598290598,0.5938766502146784,0.7124512001298489,full,1.0,False,1.0,False,0.9659562715264634,False
11,20,38,30.193548387096776,1.2585470085470085,0.7961082910321489,0.16615843884076675,full,1.0,False,1.0,False,0.8490513633072146,False
11,21,27,30.193548387096776,0.8942307692307692,0.4849858908241705,0.6450481380209045,full,1.0,False,1.0,False,0.961369821088848,False
11,22,38,30.193548387096776,1.2585470085470085,0.7722772277227723,0.16615843884076675,full,1.0,False,1.0,False,0.8490513633072146,False
11,23,35,30.193548387096776,1.159188034188034,0.7106060606060606,0.35720678863729965,full,1.0,False,1.0,False,0.9134515360957742,False
11,24,26,30.193548387096776,0.861111111111111,0.5143097643097643,0.5188315085513573,full,1.0,False,1.0,False,0.9243549864995446,False
11,25,28,30.193548387096776,0.9273504273504273,0.5760438890582139,0.7823030217496556,full,1.0,False,1.0,False,0.9659562715264634,False
11,26,35,30.193548387096776,1.159188034188034,0.8748196248196248,0.35720678863729965,full,1.0,False,1.0,False,0.9134515360957742,False
11,27,28,30.193548387096776,0.9273504273504273,0.5109085887876277,0.7823030217496556,full,1.0,False,1.0,False,0.9659562715264634,False
11,28,37,30.193548387096776,1.2254273504273503,0.8269709348734564,0.1980487822798055,full,1.0,False,1.0,False,0.9118087501000947,False
11,29,40,30.193548387096776,1.3247863247863247,0.9117436020090888,0.07948478690877639,full,1.0,False,1.0,False,0.7528447821894237,False
11,30,45,30.193548387096776,1.4903846153846152,0.9908102812893596,0.009670976717344973,full,1.0,False,1.0,False,0.6424291676522017,False
11,31,41,30.193548387096776,1.3579059829059827,0.800568720379147,0.05273803729570686,full,1.0,False,1.0,False,0.7528447821894237,False
12,13,28,30.193548387096776,0.9273504273504273,0.8453651391504499,0.7823030217496556,full,1.0,False,1.0,False,0.9659562715264634,False
12,14,30,30.193548387096776,0.9935897435897435,0.7757735352205398,1.0,full,1.0,False,1.0,False,1.0,False
12,15,21,30.193548387096776,0.6955128205128205,0.6633831521739131,0.09714126221799016,full,1.0,False,1.0,False,0.7528447821894237,False
12,16,24,30.193548387096776,0.7948717948717949,0.6280895609188718,0.3102501858601514,full,1.0,False,1.0,False,0.9134515360957742,False
12,17,35,30.193548387096776,1.159188034188034,1.1212839974699558,0.35720678863729965,full,1.0,False,1.0,False,0.9134515360957742,False
12,18,29,30.193548387096776,0.9604700854700853,0.8535906747891284,0.9266235287233359,full,1.0,False,1.0,False,0.9882567450833742,False
12,19,31,30.193548387096776,1.0267094017094016,0.8200397464818993,0.853780704510487,full,1.0,False,1.0,False,0.9659562715264634,False
12,20,34,30.193548387096776,1.1260683760683758,0.9872276046667249,0.4612160308224047,full,1.0,False,1.0,False,0.9204525937013656,False
12,21,28,30.193548387096776,0.9273504273504273,0.728127145044617,0.7823030217496556,full,1.0,False,1.0,False,0.9659562715264634,False
12,22,27,30.193548387096776,0.8942307692307692,0.7021680645671784,0.6450481380209045,full,1.0,False,1.0,False,0.961369821088848,False
12,23,30,30.193548387096776,0.9935897435897435,0.8312195121951219,1.0,full,1.0,False,1.0,False,1.0,False
12,24,32,30.193548387096776,1.0598290598290598,0.9701348747591522,0.7124512001298489,full,1.0,False,1.0,False,0.9659562715264634,False
12,25,23,30.193548387096776,0.7617521367521367,0.6388888888888888,0.2302639891439897,full,1.0,False,1.0,False,0.9134515360957742,False
12,26,21,30.193548387096776,0.6955128205128205,0.6377508361204013,0.09714126221799016,full,1.0,False,1.0,False,0.7528447821894237,False
12,27,31,30.193548387096776,1.0267094017094016,0.8390530925013684,0.853780704510487,full,1.0,False,1.0,False,0.9659562715264634,False
12,28,24,30.193548387096776,0.7948717948717949,0.6663150004164469,0.3102501858601514,full,1.0,False,1.0,False,0.9134515360957742,False
12,29,15,30.193548387096776,0.49679487179487175,0.37180451127819547,0.0031073727670102875,full,1.0,False,1.0,False,0.6424291676522017,False
12,30,35,30.193548387096776,1.159188034188034,1.0041810841983851,0.35720678863729965,full,1.0,False,1.0,False,0.9134515360957742,False
12,31,33,30.193548387096776,1.0929487179487178,0.8585536795157693,0.5804212529492752,full,1.0,False,1.0,False,0.9338957876173459,False
13,14,22,30.193548387096776,0.7286324786324786,0.4823703703703704,0.1409449631431578,full,1.0,False,1.0,False,0.840248818738056,False
13,15,31,30.193548387096776,1.0267094017094016,1.0251004016064258,0.853780704510487,full,1.0,False,1.0,False,0.9659562715264634,False
13,16,38,30.193548387096776,1.2585470085470085,1.0799598911330754,0.16615843884076675,full,1.0,False,1.0,False,0.8490513633072146,False
13,17,25,30.193548387096776,0.8279914529914529,0.6583492772108843,0.4066332644555382,full,1.0,False,1.0,False,0.9134515360957742,False
13,18,30,30.193548387096776,0.9935897435897435,0.8262447701643069,1.0,full,1.0,False,1.0,False,1.0,False
13,19,45,30.193548387096776,1.4903846153846152,1.2911337209302325,0.009670976717344973,full,1.0,False,1.0,False,0.6424291676522017,False
13,20,23,30.193548387096776,0.7617521367521367,0.5452489787978992,0.2302639891439897,full,1.0,False,1.0,False,0.9134515360957742,False
13,21,35,30.193548387096776,1.159188034188034,0.9104422147900408,0.35720678863729965,full,1.0,False,1.0,False,0.9134515360957742,False
13,22,28,30.193548387096776,0.9273504273504273,0.6813417190775681,0.7823030217496556,full,1.0,False,1.0,False,0.9659562715264634,False
13,23,29,30.193548387096776,0.9604700854700853,0.7345847965296426,0.9266235287233359,full,1.0,False,1.0,False,0.9882567450833742,False
13,24,32,30.193548387096776,1.0598290598290598,0.8963963963963963,0.7124512001298489,full,1.0,False,1.0,False,0.9659562715264634,False
13,25,28,30.193548387096776,0.9273504273504273,0.7630013433122241,0.7823030217496556,full,1.0,False,1.0,False,0.9659562715264634,False
13,26,26,30.193548387096776,0.861111111111111,0.7767622090099684,0.5188315085513573,full,1.0,False,1.0,False,0.9243549864995446,False
13,27,29,30.193548387096776,0.9604700854700853,0.7094289441991168,0.9266235287233359,full,1.0,False,1.0,False,0.9882567450833742,False
13,28,30,30.193548387096776,0.9935897435897435,0.8262447701643069,1.0,full,1.0,False,1.0,False,1.0,False
13,29,23,30.193548387096776,0.7617521367521367,0.578110646116158,0.2302639891439897,full,1.0,False,1.0,False,0.9134515360957742,False
13,30,25,30.193548387096776,0.8279914529914529,0.5920220015576324,0.4066332644555382,full,1.0,False,1.0,False,0.9134515360957742,False
13,31,27,30.193548387096776,0.8942307692307692,0.6075789473684211,0.6450481380209045,full,1.0,False,1.0,False,0.961369821088848,False
14,15,28,30.193548387096776,0.9273504273504273,0.7474534597822269,0.7823030217496556,full,1.0,False,1.0,False,0.9659562715264634,False
14,16,25,30.193548387096776,0.8279914529914529,0.513795045045045,0.4066332644555382,full,1.0,False,1.0,False,0.9134515360957742,False
14,17,34,30.193548387096776,1.1260683760683758,0.8279982927870252,0.4612160308224047,full,1.0,False,1.0,False,0.9204525937013656,False
14,18,26,30.193548387096776,0.861111111111111,0.5733054643177068,0.5188315085513573,full,1.0,False,1.0,False,0.9243549864995446,False
14,19,30,30.193548387096776,0.9935897435897435,0.6057228592862501,1.0,full,1.0,False,1.0,False,1.0,False
14,20,36,30.193548387096776,1.192307692307692,0.8213579747076615,0.26950915959692945,full,1.0,False,1.0,False,0.9134515360957742,False
14,21,34,30.193548387096776,1.1260683760683758,0.7282863849765259,0.4612160308224047,full,1.0,False,1.0,False,0.9204525937013656,False
14,22,34,30.193548387096776,1.1260683760683758,0.7369068781621769,0.4612160308224047,full,1.0,False,1.0,False,0.9204525937013656,False
14,23,34,30.193548387096776,1.1260683760683758,0.7592086515777918,0.4612160308224047,full,1.0,False,1.0,False,0.9204525937013656,False
14,24,35,30.193548387096776,1.159188034188034,0.8455625436757512,0.35720678863729965,full,1.0,False,1.0,False,0.9134515360957742,False
14,25,40,30.193548387096776,1.3247863247863247,1.0419836122454427,0.07948478690877639,full,1.0,False,1.0,False,0.7528447821894237,False
14,26,37,30.193548387096776,1.2254273504273503,1.0518359150889272,0.1980487822798055,full,1.0,False,1.0,False,0.9118087501000947,False
14,27,28,30.193548387096776,0.9273504273504273,0.566638797779064,0.7823030217496556,full,1.0,False,1.0,False,0.9659562715264634,False
14,28,30,30.193548387096776,0.9935897435897435,0.6905279243571071,1.0,full,1.0,False,1.0,False,1.0,False
14,29,31,30.193548387096776,1.0267094017094016,0.7124140893470791,0.853780704510487,full,1.0,False,1.0,False,0.9659562715264634,False
14,30,42,30.193548387096776,1.391025641025641,0.9983904915191284,0.03408523555021485,full,1.0,False,1.0,False,0.7528447821894237,False
14,31,36,30.193548387096776,1.192307692307692,0.7432859399684044,0.26950915959692945,full,1.0,False,1.0,False,0.9134515360957742,False
15,16,21,30.193548387096776,0.6955128205128205,0.5600075042881647,0.09714126221799016,full,1.0,False,1.0,False,0.7528447821894237,False
15,17,21,30.193548387096776,0.6955128205128205,0.6007670454545454,0.09714126221799016,full,1.0,False,1.0,False,0.7528447821894237,False
15,18,28,30.193548387096776,0.9273504273504273,0.859839174632074,0.7823030217496556,full,1.0,False,1.0,False,0.9659562715264634,False
15,19,22,30.193548387096776,0.7286324786324786,0.55472133247918,0.1409449631431578,full,1.0,False,1.0,False,0.840248818738056,False
15,20,29,30.193548387096776,0.9604700854700853,0.838794498381877,0.9266235287233359,full,1.0,False,1.0,False,0.9882567450833742,False
15,21,22,30.193548387096776,0.7286324786324786,0.564,0.1409449631431578,full,1.0,False,1.0,False,0.840248818738056,False
15,22,34,30.193548387096776,1.1260683760683758,1.0135803204479124,0.4612160308224047,full,1.0,False,1.0,False,0.9204525937013656,False
15,23,24,30.193548387096776,0.7948717948717949,0.6548502862778401,0.3102501858601514,full,1.0,False,1.0,False,0.9134515360957742,False
15,24,23,30.193548387096776,0.7617521367521367,0.6615771716131984,0.2302639891439897,full,1.0,False,1.0,False,0.9134515360957742,False
15,25,28,30.193548387096776,0.9273504273504273,0.8704663212435233,0.7823030217496556,full,1.0,False,1.0,False,0.9659562715264634,False
15,26,31,30.193548387096776,1.0267094017094016,1.1237391426169796,0.853780704510487,full,1.0,False,1.0,False,0.9659562715264634,False
15,27,21,30.193548387096776,0.6955128205128205,0.5353047520661157,0.09714126221799016,full,1.0,False,1.0,False,0.7528447821894237,False
15,28,26,30.193548387096776,0.861111111111111,0.7795291952385193,0.5188315085513573,full,1.0,False,1.0,False,0.9243549864995446,False
15,29,27,30.193548387096776,0.8942307692307692,0.8093582887700534,0.6450481380209045,full,1.0,False,1.0,False,0.961369821088848,False
15,30,25,30.193548387096776,0.8279914529914529,0.6744457726581178,0.4066332644555382,full,1.0,False,1.0,False,0.9134515360957742,False
15,31,31,30.193548387096776,1.0267094017094016,0.8331788693234476,0.853780704510487,full,1.0,False,1.0,False,0.9659562715264634,False
16,17,31,30.193548387096776,1.0267094017094016,0.7923658155289213,0.853780704510487,full,1.0,False,1.0,False,0.9659562715264634,False
16,18,28,30.193548387096776,0.9273504273504273,0.6836272670419012,0.7823030217496556,full,1.0,False,1.0,False,0.9659562715264634,False
16,19,30,30.193548387096776,0.9935897435897435,0.6571199450108832,1.0,full,1.0,False,1.0,False,1.0,False
16,20,33,30.193548387096776,1.0929487179487178,0.791509900990099,0.5804212529492752,full,1.0,False,1.0,False,0.9338957876173459,False
16,21,28,30.193548387096776,0.9273504273504273,0.6108046501025758,0.7823030217496556,full,1.0,False,1.0,False,0.9659562715264634,False
16,22,38,30.193548387096776,1.2585470085470085,0.9348057882711348,0.16615843884076675,full,1.0,False,1.0,False,0.8490513633072146,False
16,23,34,30.193548387096776,1.1260683760683758,0.8245206130153254,0.4612160308224047,full,1.0,False,1.0,False,0.9204525937013656,False
16,24,31,30.193548387096776,1.0267094017094016,0.7776637767403684,0.853780704510487,full,1.0,False,1.0,False,0.9659562715264634,False
16,25,27,30.193548387096776,0.8942307692307692,0.6600690621559403,0.6450481380209045,full,1.0,False,1.0,False,0.961369821088848,False
16,26,34,30.193548387096776,1.1260683760683758,1.012993963902352,0.4612160308224047,full,1.0,False,1.0,False,0.9204525937013656,False
16,27,25,30.193548387096776,0.8279914529914529,0.5314058048433048,0.4066332644555382,full,1.0,False,1.0,False,0.9134515360957742,False
16,28,33,30.193548387096776,1.0929487179487178,0.8519210526315789,0.5804212529492752,full,1.0,False,1.0,False,0.9338957876173459,False
16,29,32,30.193548387096776,1.0598290598290598,0.8067434846492924,0.7124512001298489,full,1.0,False,1.0,False,0.9659562715264634,False
16,30,35,30.193548387096776,1.159188034188034,0.8379134482075659,0.35720678863729965,full,1.0,False,1.0,False,0.9134515360957742,False
16,31,42,30.193548387096776,1.391025641025641,1.006282722513089,0.03408523555021485,full,1.0,False,1.0,False,0.7528447821894237,False
17,18,28,30.193548387096776,0.9273504273504273,0.7350604490500864,0.7823030217496556,full,1.0,False,1.0,False,0.9659562715264634,False
17,19,39,30.193548387096776,1.2916666666666665,1.0162968099861305,0.11655045230135694,full,1.0,False,1.0,False,0.7969994164725144,False
17,20,35,30.193548387096776,1.159188034188034,0.9248655913978494,0.35720678863729965,full,1.0,False,1.0,False,0.9134515360957742,False
17,21,32,30.193548387096776,1.0598290598290598,0.7844797178130511,0.7124512001298489,full,1.0,False,1.0,False,0.9659562715264634,False
17,22,32,30.193548387096776,1.0598290598290598,0.7936507936507936,0.7124512001298489,full,1.0,False,1.0,False,0.9659562715264634,False
17,23,35,30.193548387096776,1.159188034188034,0.9248655913978494,0.35720678863729965,full,1.0,False,1.0,False,0.9134515360957742,False
17,24,28,30.193548387096776,0.9273504273504273,0.7305699481865285,0.7823030217496556,full,1.0,False,1.0,False,0.9659562715264634,False
17,25,27,30.193548387096776,0.8942307692307692,0.709506855138697,0.6450481380209045,full,1.0,False,1.0,False,0.961369821088848,False
17,26,24,30.193548387096776,0.7948717948717949,0.6833224626378924,0.3102501858601514,full,1.0,False,1.0,False,0.9134515360957742,False
17,27,28,30.193548387096776,0.9273504273504273,0.6606825755917196,0.7823030217496556,full,1.0,False,1.0,False,0.9659562715264634,False
17,28,29,30.193548387096776,0.9604700854700853,0.7700010738831615,0.9266235287233359,full,1.0,False,1.0,False,0.9882567450833742,False
17,29,33,30.193548387096776,1.0929487179487178,0.906000664893617,0.5804212529492752,full,1.0,False,1.0,False,0.9338957876173459,False
17,30,31,30.193548387096776,1.0267094017094016,0.7648026315789473,0.853780704510487,full,1.0,False,1.0,False,0.9659562715264634,False
17,31,29,30.193548387096776,0.9604700854700853,0.6502242152466368,0.9266235287233359,full,1.0,False,1.0,False,0.9882567450833742,False
18,19,34,30.193548387096776,1.1260683760683758,0.8270016800822488,0.4612160308224047,full,1.0,False,1.0,False,0.9204525937013656,False
18,20,39,30.193548387096776,1.2916666666666665,1.0651896628216504,0.11655045230135694,full,1.0,False,1.0,False,0.7969994164725144,False
18,21,35,30.193548387096776,1.159188034188034,0.8759893103093843,0.35720678863729965,full,1.0,False,1.0,False,0.9134515360957742,False
18,22,37,30.193548387096776,1.2254273504273503,0.9583664389003654,0.1980487822798055,full,1.0,False,1.0,False,0.9118087501000947,False
18,23,25,30.193548387096776,0.8279914529914529,0.5838143338143338,0.4066332644555382,full,1.0,False,1.0,False,0.9134515360957742,False
18,24,27,30.193548387096776,0.8942307692307692,0.6880762457267171,0.6450481380209045,full,1.0,False,1.0,False,0.961369821088848,False
18,25,31,30.193548387096776,1.0267094017094016,0.8421326754385965,0.853780704510487,full,1.0,False,1.0,False,0.9659562715264634,False
18,26,26,30.193548387096776,0.861111111111111,0.7486305887751298,0.5188315085513573,full,1.0,False,1.0,False,0.9243549864995446,False
18,27,31,30.193548387096776,1.0267094017094016,0.7465525793650793,0.853780704510487,full,1.0,False,1.0,False,0.9659562715264634,False
18,28,29,30.193548387096776,0.9604700854700853,0.7605218407907323,0.9266235287233359,full,1.0,False,1.0,False,0.9882567450833742,False
18,29,25,30.193548387096776,0.8279914529914529,0.6193181818181818,0.4066332644555382,full,1.0,False,1.0,False,0.9134515360957742,False
18,30,40,30.193548387096776,1.3247863247863247,1.0786171293626603,0.07948478690877639,full,1.0,False,1.0,False,0.7528447821894237,False
18,31,33,30.193548387096776,1.0929487179487178,0.7629416005767844,0.5804212529492752,full,1.0,False,1.0,False,0.9338957876173459,False
19,20,36,30.193548387096776,1.192307692307692,0.8309490033901565,0.26950915959692945,full,1.0,False,1.0,False,0.9134515360957742,False
19,21,36,30.193548387096776,1.192307692307692,0.7968597575138199,0.26950915959692945,full,1.0,False,1.0,False,0.9134515360957742,False
19,22,36,30.193548387096776,1.192307692307692,0.806360821840698,0.26950915959692945,full,1.0,False,1.0,False,0.9134515360957742,False
19,23,40,30.193548387096776,1.3247863247863247,0.9646028767979987,0.07948478690877639,full,1.0,False,1.0,False,0.7528447821894237,False
19,24,31,30.193548387096776,1.0267094017094016,0.7250496344002711,0.853780704510487,full,1.0,False,1.0,False,0.9659562715264634,False
19,25,29,30.193548387096776,0.9604700854700853,0.6761911651234568,0.9266235287233359,full,1.0,False,1.0,False,0.9882567450833742,False
19,26,25,30.193548387096776,0.8279914529914529,0.6262768130745658,0.4066332644555382,full,1.0,False,1.0,False,0.9134515360957742,False
19,27,33,30.193548387096776,1.0929487179487178,0.711697206095791,0.5804212529492752,full,1.0,False,1.0,False,0.9338957876173459,False
19,28,42,30.193548387096776,1.391025641025641,1.1179272242331872,0.03408523555021485,full,1.0,False,1.0,False,0.7528447821894237,False
19,29,29,30.193548387096776,0.9604700854700853,0.6596513605442177,0.9266235287233359,full,1.0,False,1.0,False,0.9882567450833742,False
19,30,33,30.193548387096776,1.0929487179487178,0.7201181535079685,0.5804212529492752,full,1.0,False,1.0,False,0.9338957876173459,False
19,31,41,30.193548387096776,1.3579059829059827,0.9029829941455255,0.05273803729570686,full,1.0,False,1.0,False,0.7528447821894237,False
20,21,25,30.193548387096776,0.8279914529914529,0.522273425499232,0.4066332644555382,full,1.0,False,1.0,False,0.9134515360957742,False
20,22,36,30.193548387096776,1.192307692307692,0.8557493349098433,0.26950915959692945,full,1.0,False,1.0,False,0.9134515360957742,False
20,23,35,30.193548387096776,1.159188034188034,0.847875,0.35720678863729965,full,1.0,False,1.0,False,0.9134515360957742,False
20,24,31,30.193548387096776,1.0267094017094016,0.768464898912933,0.853780704510487,full,1.0,False,1.0,False,0.9659562715264634,False
20,25,38,30.193548387096776,1.2585470085470085,1.0393054284208483,0.16615843884076675,full,1.0,False,1.0,False,0.8490513633072146,False
20,26,25,30.193548387096776,0.8279914529914529,0.6627875869448903,0.4066332644555382,full,1.0,False,1.0,False,0.9134515360957742,False
20,27,42,30.193548387096776,1.391025641025641,1.0607441351836904,0.03408523555021485,full,1.0,False,1.0,False,0.7528447821894237,False
20,28,33,30.193548387096776,1.0929487179487178,0.8417665450755601,0.5804212529492752,full,1.0,False,1.0,False,0.9338957876173459,False
20,29,31,30.193548387096776,1.0267094017094016,0.7637204366282595,0.853780704510487,full,1.0,False,1.0,False,0.9659562715264634,False
20,30,22,30.193548387096776,0.7286324786324786,0.45312736634862943,0.1409449631431578,full,1.0,False,1.0,False,0.840248818738056,False
20,31,33,30.193548387096776,1.0929487179487178,0.7086667570866676,0.5804212529492752,full,1.0,False,1.0,False,0.9338957876173459,False
21,22,28,30.193548387096776,0.9273504273504273,0.5863163463233998,0.7823030217496556,full,1.0,False,1.0,False,0.9659562715264634,False
21,23,37,30.193548387096776,1.2254273504273503,0.8787386055678739,0.1980487822798055,full,1.0,False,1.0,False,0.9118087501000947,False
21,24,30,30.193548387096776,0.9935897435897435,0.7060883096673799,1.0,full,1.0,False,1.0,False,1.0,False
21,25,41,30.193548387096776,1.3579059829059827,1.112824765063571,0.05273803729570686,full,1.0,False,1.0,False,0.7528447821894237,False
21,26,28,30.193548387096776,0.9273504273504273,0.7379439252336448,0.7823030217496556,full,1.0,False,1.0,False,0.9659562715264634,False
21,27,44,30.193548387096776,1.4572649572649572,1.0885504794134235,0.016213468074566077,full,1.0,False,1.0,False,0.7528447821894237,False
21,28,40,30.193548387096776,1.3247863247863247,1.0593518368230266,0.07948478690877639,full,1.0,False,1.0,False,0.7528447821894237,False
21,29,29,30.193548387096776,0.9604700854700853,0.6710261569416499,0.9266235287233359,full,1.0,False,1.0,False,0.9882567450833742,False
21,30,39,30.193548387096776,1.2916666666666665,0.9240886699507389,0.11655045230135694,full,1.0,False,1.0,False,0.7969994164725144,False
21,31,35,30.193548387096776,1.159188034188034,0.7363253856942497,0.35720678863729965,full,1.0,False,1.0,False,0.9134515360957742,False
22,23,28,30.193548387096776,0.9273504273504273,0.6106097894449002,0.7823030217496556,full,1.0,False,1.0,False,0.9659562715264634,False
22,24,25,30.193548387096776,0.8279914529914529,0.5638658408320674,0.4066332644555382,full,1.0,False,1.0,False,0.9134515360957742,False
22,25,32,30.193548387096776,1.0598290598290598,0.7936507936507936,0.7124512001298489,full,1.0,False,1.0,False,0.9659562715264634,False
22,26,32,30.193548387096776,1.0598290598290598,0.893387314439946,0.7124512001298489,full,1.0,False,1.0,False,0.9659562715264634,False
22,27,41,30.193548387096776,1.3579059829059827,0.9930653266331658,0.05273803729570686,full,1.0,False,1.0,False,0.7528447821894237,False
22,28,26,30.193548387096776,0.861111111111111,0.5963755396366052,0.5188315085513573,full,1.0,False,1.0,False,0.9243549864995446,False
22,29,33,30.193548387096776,1.0929487179487178,0.8070652173913043,0.5804212529492752,full,1.0,False,1.0,False,0.9338957876173459,False
22,30,32,30.193548387096776,1.0598290598290598,0.7112597547380156,0.7124512001298489,full,1.0,False,1.0,False,0.9659562715264634,False
22,31,26,30.193548387096776,0.861111111111111,0.5042593664709288,0.5188315085513573,full,1.0,False,1.0,False,0.9243549864995446,False
23,24,30,30.193548387096776,0.9935897435897435,0.7354790042745788,1.0,full,1.0,False,1.0,False,1.0,False
23,25,28,30.193548387096776,0.9273504273504273,0.6840379464844435,0.7823030217496556,full,1.0,False,1.0,False,0.9659562715264634,False
23,26,24,30.193548387096776,0.7948717948717949,0.6290873467658662,0.3102501858601514,full,1.0,False,1.0,False,0.9134515360957742,False
23,27,28,30.193548387096776,0.9273504273504273,0.6071080265813885,0.7823030217496556,full,1.0,False,1.0,False,0.9659562715264634,False
23,28,31,30.193548387096776,1.0267094017094016,0.7732587826797386,0.853780704510487,full,1.0,False,1.0,False,0.9659562715264634,False
23,29,36,30.193548387096776,1.192307692307692,0.9380234505862647,0.26950915959692945,full,1.0,False,1.0,False,0.9134515360957742,False
23,30,37,30.193548387096776,1.2254273504273503,0.8945644564456445,0.1980487822798055,full,1.0,False,1.0,False,0.9118087501000947,False
23,31,34,30.193548387096776,1.1260683760683758,0.7379159249623443,0.4612160308224047,full,1.0,False,1.0,False,0.9204525937013656,False
24,25,39,30.193548387096776,1.2916666666666665,1.155984555984556,0.11655045230135694,full,1.0,False,1.0,False,0.7969994164725144,False
24,26,20,30.193548387096776,0.6623931623931624,0.5341262187935284,0.0649278943462515,full,1.0,False,1.0,False,0.7528447821894237,False
24,27,33,30.193548387096776,1.0929487179487178,0.8073902537253322,0.5804212529492752,full,1.0,False,1.0,False,0.9338957876173459,False
24,28,35,30.193548387096776,1.159188034188034,0.9771473601260835,0.35720678863729965,full,1.0,False,1.0,False,0.9134515360957742,False
24,29,33,30.193548387096776,1.0929487179487178,0.8890706806282722,0.5804212529492752,full,1.0,False,1.0,False,0.9338957876173459,False
24,30,30,30.193548387096776,0.9935897435897435,0.7184432496423815,1.0,full,1.0,False,1.0,False,1.0,False
24,31,33,30.193548387096776,1.0929487179487178,0.7581582155920533,0.5804212529492752,full,1.0,False,1.0,False,0.9338957876173459,False
25,26,31,30.193548387096776,1.0267094017094016,0.9590269277845778,0.853780704510487,full,1.0,False,1.0,False,0.9659562715264634,False
25,27,30,30.193548387096776,0.9935897435897435,0.7235552467680703,1.0,full,1.0,False,1.0,False,1.0,False
25,28,26,30.193548387096776,0.861111111111111,0.6673434856175973,0.5188315085513573,full,1.0,False,1.0,False,0.9243549864995446,False
25,29,21,30.193548387096776,0.6955128205128205,0.5038970588235294,0.09714126221799016,full,1.0,False,1.0,False,0.7528447821894237,False
25,30,26,30.193548387096776,0.861111111111111,0.6071987480438185,0.5188315085513573,full,1.0,False,1.0,False,0.9243549864995446,False
25,31,30,30.193548387096776,0.9935897435897435,0.6799207584547898,1.0,full,1.0,False,1.0,False,1.0,False
26,27,32,30.193548387096776,1.0598290598290598,0.8882173535913148,0.7124512001298489,full,1.0,False,1.0,False,0.9659562715264634,False
26,28,28,30.193548387096776,0.9273504273504273,0.8254358974358974,0.7823030217496556,full,1.0,False,1.0,False,0.9659562715264634,False
26,29,25,30.193548387096776,0.8279914529914529,0.7029494382022472,0.4066332644555382,full,1.0,False,1.0,False,0.9134515360957742,False
26,30,31,30.193548387096776,1.0267094017094016,0.8604371645796064,0.853780704510487,full,1.0,False,1.0,False,0.9659562715264634,False
26,31,33,30.193548387096776,1.0929487179487178,0.8704270749395648,0.5804212529492752,full,1.0,False,1.0,False,0.9338957876173459,False
27,28,32,30.193548387096776,1.0598290598290598,0.7791778351161102,0.7124512001298489,full,1.0,False,1.0,False,0.9659562715264634,False
27,29,41,30.193548387096776,1.3579059829059827,1.0907336956521738,0.05273803729570686,full,1.0,False,1.0,False,0.7528447821894237,False
27,30,28,30.193548387096776,0.9273504273504273,0.5931068241995416,0.7823030217496556,full,1.0,False,1.0,False,0.9659562715264634,False
27,31,38,30.193548387096776,1.2585470085470085,0.8301183186777773,0.16615843884076675,full,1.0,False,1.0,False,0.8490513633072146,False
28,29,39,30.193548387096776,1.2916666666666665,1.1338534361851333,0.11655045230135694,full,1.0,False,1.0,False,0.7969994164725144,False
28,30,26,30.193548387096776,0.861111111111111,0.5997950477824646,0.5188315085513573,full,1.0,False,1.0,False,0.9243549864995446,False
28,31,23,30.193548387096776,0.7617521367521367,0.47807860262008733,0.2302639891439897,full,1.0,False,1.0,False,0.9134515360957742,False
29,30,35,30.193548387096776,1.159188034188034,0.8804179566563467,0.35720678863729965,full,1.0,False,1.0,False,0.9134515360957742,False
29,31,26,30.193548387096776,0.861111111111111,0.55094054342509,0.5188315085513573,full,1.0,False,1.0,False,0.9243549864995446,False
30,31,37,30.193548387096776,1.2254273504273503,0.809348376698135,0.1980487822798055,full,1.0,False,1.0,False,0.9118087501000947,False
