draw_no,strategy,max_match,n_3plus,n_4plus,n_5,cost,payout,profit
703,D_prize_roi_OOS_secondhalf,2,0,0,0,2000,0,-2000
704,D_prize_roi_OOS_secondhalf,3,1,0,0,2000,900,-1100
705,D_prize_roi_OOS_secondhalf,1,0,0,0,2000,0,-2000
706,D_prize_roi_OOS_secondhalf,2,0,0,0,2000,0,-2000
707,D_prize_roi_OOS_secondhalf,3,1,0,0,2000,900,-1100
708,D_prize_roi_OOS_secondhalf,2,0,0,0,2000,0,-2000
709,D_prize_roi_OOS_secondhalf,1,0,0,0,2000,0,-2000
710,D_prize_roi_OOS_secondhalf,3,1,0,0,2000,1000,-1000
711,D_prize_roi_OOS_secondhalf,2,0,0,0,2000,0,-2000
712,D_prize_roi_OOS_secondhalf,3,1,0,0,2000,900,-1100
713,D_prize_roi_OOS_secondhalf,2,0,0,0,2000,0,-2000
714,D_prize_roi_OOS_secondhalf,2,0,0,0,2000,0,-2000
715,D_prize_roi_OOS_secondhalf,2,0,0,0,2000,0,-2000
716,D_prize_roi_OOS_secondhalf,2,0,0,0,2000,0,-2000
717,D_prize_roi_OOS_secondhalf,2,0,0,0,2000,0,-2000
718,D_prize_roi_OOS_secondhalf,1,0,0,0,2000,0,-2000
719,D_prize_roi_OOS_secondhalf,3,1,0,0,2000,900,-1100
720,D_prize_roi_OOS_secondhalf,2,0,0,0,2000,0,-2000
721,D_prize_roi_OOS_secondhalf,2,0,0,0,2000,0,-2000
722,D_prize_roi_OOS_secondhalf,2,0,0,0,2000,0,-2000
723,D_prize_roi_OOS_secondhalf,2,0,0,0,2000,0,-2000
724,D_prize_roi_OOS_secondhalf,3,1,0,0,2000,900,-1100
725,D_prize_roi_OOS_secondhalf,2,0,0,0,2000,0,-2000
726,D_prize_roi_OOS_secondhalf,3,1,0,0,2000,1100,-900
727,D_prize_roi_OOS_secondhalf,2,0,0,0,2000,0,-2000
728,D_prize_roi_OOS_secondhalf,2,0,0,0,2000,0,-2000
729,D_prize_roi_OOS_secondhalf,1,0,0,0,2000,0,-2000
730,D_prize_roi_OOS_secondhalf,2,0,0,0,2000,0,-2000
731,D_prize_roi_OOS_secondhalf,3,1,0,0,2000,1000,-1000
732,D_prize_roi_OOS_secondhalf,2,0,0,0,2000,0,-2000
733,D_prize_roi_OOS_secondhalf,2,0,0,0,2000,0,-2000
734,D_prize_roi_OOS_secondhalf,1,0,0,0,2000,0,-2000
735,D_prize_roi_OOS_secondhalf,2,0,0,0,2000,0,-2000
736,D_prize_roi_OOS_secondhalf,3,1,0,0,2000,1100,-900
737,D_prize_roi_OOS_secondhalf,2,0,0,0,2000,0,-2000
738,D_prize_roi_OOS_secondhalf,2,0,0,0,2000,0,-2000
739,D_prize_roi_OOS_secondhalf,2,0,0,0,2000,0,-2000
740,D_prize_roi_OOS_secondhalf,3,1,0,0,2000,1000,-1000
741,D_prize_roi_OOS_secondhalf,2,0,0,0,2000,0,-2000
742,D_prize_roi_OOS_secondhalf,2,0,0,0,2000,0,-2000
743,D_prize_roi_OOS_secondhalf,1,0,0,0,2000,0,-2000
744,D_prize_roi_OOS_secondhalf,1,0,0,0,2000,0,-2000
745,D_prize_roi_OOS_secondhalf,2,0,0,0,2000,0,-2000
746,D_prize_roi_OOS_secondhalf,1,0,0,0,2000,0,-2000
747,D_prize_roi_OOS_secondhalf,1,0,0,0,2000,0,-2000
748,D_prize_roi_OOS_secondhalf,2,0,0,0,2000,0,-2000
749,D_prize_roi_OOS_secondhalf,2,0,0,0,2000,0,-2000
750,D_prize_roi_OOS_secondhalf,2,0,0,0,2000,0,-2000
751,D_prize_roi_OOS_secondhalf,3,1,0,0,2000,1000,-1000
752,D_prize_roi_OOS_secondhalf,2,0,0,0,2000,0,-2000
753,D_prize_roi_OOS_secondhalf,3,1,0,0,2000,1000,-1000
754,D_prize_roi_OOS_secondhalf,3,1,0,0,2000,800,-1200
755,D_prize_roi_OOS_secondhalf,2,0,0,0,2000,0,-2000
756,D_prize_roi_OOS_secondhalf,2,0,0,0,2000,0,-2000
757,D_prize_roi_OOS_secondhalf,2,0,0,0,2000,0,-2000
758,D_prize_roi_OOS_secondhalf,2,0,0,0,2000,0,-2000
759,D_prize_roi_OOS_secondhalf,3,1,0,0,2000,900,-1100
760,D_prize_roi_OOS_secondhalf,3,1,0,0,2000,1000,-1000
761,D_prize_roi_OOS_secondhalf,2,0,0,0,2000,0,-2000
762,D_prize_roi_OOS_secondhalf,2,0,0,0,2000,0,-2000
763,D_prize_roi_OOS_secondhalf,3,1,0,0,2000,800,-1200
764,D_prize_roi_OOS_secondhalf,2,0,0,0,2000,0,-2000
765,D_prize_roi_OOS_secondhalf,2,0,0,0,2000,0,-2000
766,D_prize_roi_OOS_secondhalf,2,0,0,0,2000,0,-2000
767,D_prize_roi_OOS_secondhalf,2,0,0,0,2000,0,-2000
768,D_prize_roi_OOS_secondhalf,2,0,0,0,2000,0,-2000
769,D_prize_roi_OOS_secondhalf,2,0,0,0,2000,0,-2000
770,D_prize_roi_OOS_secondhalf,2,0,0,0,2000,0,-2000
771,D_prize_roi_OOS_secondhalf,2,0,0,0,2000,0,-2000
772,D_prize_roi_OOS_secondhalf,2,0,0,0,2000,0,-2000
773,D_prize_roi_OOS_secondhalf,2,0,0,0,2000,0,-2000
774,D_prize_roi_OOS_secondhalf,3,1,0,0,2000,1100,-900
775,D_prize_roi_OOS_secondhalf,2,0,0,0,2000,0,-2000
776,D_prize_roi_OOS_secondhalf,2,0,0,0,2000,0,-2000
777,D_prize_roi_OOS_secondhalf,2,0,0,0,2000,0,-2000
778,D_prize_roi_OOS_secondhalf,2,0,0,0,2000,0,-2000
779,D_prize_roi_OOS_secondhalf,2,0,0,0,2000,0,-2000
780,D_prize_roi_OOS_secondhalf,2,0,0,0,2000,0,-2000
781,D_prize_roi_OOS_secondhalf,1,0,0,0,2000,0,-2000
782,D_prize_roi_OOS_secondhalf,2,0,0,0,2000,0,-2000
783,D_prize_roi_OOS_secondhalf,2,0,0,0,2000,0,-2000
784,D_prize_roi_OOS_secondhalf,2,0,0,0,2000,0,-2000
785,D_prize_roi_OOS_secondhalf,2,0,0,0,2000,0,-2000
786,D_prize_roi_OOS_secondhalf,1,0,0,0,2000,0,-2000
787,D_prize_roi_OOS_secondhalf,2,0,0,0,2000,0,-2000
788,D_prize_roi_OOS_secondhalf,2,0,0,0,2000,0,-2000
789,D_prize_roi_OOS_secondhalf,2,0,0,0,2000,0,-2000
790,D_prize_roi_OOS_secondhalf,2,0,0,0,2000,0,-2000
791,D_prize_roi_OOS_secondhalf,2,0,0,0,2000,0,-2000
792,D_prize_roi_OOS_secondhalf,2,0,0,0,2000,0,-2000
793,D_prize_roi_OOS_secondhalf,3,2,0,0,2000,2000,0
794,D_prize_roi_OOS_secondhalf,2,0,0,0,2000,0,-2000
795,D_prize_roi_OOS_secondhalf,3,1,0,0,2000,800,-1200
796,D_prize_roi_OOS_secondhalf,2,0,0,0,2000,0,-2000
797,D_prize_roi_OOS_secondhalf,2,0,0,0,2000,0,-2000
798,D_prize_roi_OOS_secondhalf,1,0,0,0,2000,0,-2000
799,D_prize_roi_OOS_secondhalf,2,0,0,0,2000,0,-2000
800,D_prize_roi_OOS_secondhalf,2,0,0,0,2000,0,-2000
801,D_prize_roi_OOS_secondhalf,2,0,0,0,2000,0,-2000
802,D_prize_roi_OOS_secondhalf,2,0,0,0,2000,0,-2000
803,D_prize_roi_OOS_secondhalf,2,0,0,0,2000,0,-2000
804,D_prize_roi_OOS_secondhalf,1,0,0,0,2000,0,-2000
805,D_prize_roi_OOS_secondhalf,2,0,0,0,2000,0,-2000
806,D_prize_roi_OOS_secondhalf,1,0,0,0,2000,0,-2000
807,D_prize_roi_OOS_secondhalf,2,0,0,0,2000,0,-2000
808,D_prize_roi_OOS_secondhalf,2,0,0,0,2000,0,-2000
809,D_prize_roi_OOS_secondhalf,2,0,0,0,2000,0,-2000
810,D_prize_roi_OOS_secondhalf,3,1,0,0,2000,900,-1100
811,D_prize_roi_OOS_secondhalf,2,0,0,0,2000,0,-2000
812,D_prize_roi_OOS_secondhalf,1,0,0,0,2000,0,-2000
813,D_prize_roi_OOS_secondhalf,2,0,0,0,2000,0,-2000
814,D_prize_roi_OOS_secondhalf,2,0,0,0,2000,0,-2000
815,D_prize_roi_OOS_secondhalf,2,0,0,0,2000,0,-2000
816,D_prize_roi_OOS_secondhalf,3,1,0,0,2000,900,-1100
817,D_prize_roi_OOS_secondhalf,2,0,0,0,2000,0,-2000
818,D_prize_roi_OOS_secondhalf,2,0,0,0,2000,0,-2000
819,D_prize_roi_OOS_secondhalf,2,0,0,0,2000,0,-2000
820,D_prize_roi_OOS_secondhalf,2,0,0,0,2000,0,-2000
821,D_prize_roi_OOS_secondhalf,2,0,0,0,2000,0,-2000
822,D_prize_roi_OOS_secondhalf,2,0,0,0,2000,0,-2000
823,D_prize_roi_OOS_secondhalf,3,1,0,0,2000,900,-1100
824,D_prize_roi_OOS_secondhalf,2,0,0,0,2000,0,-2000
825,D_prize_roi_OOS_secondhalf,2,0,0,0,2000,0,-2000
826,D_prize_roi_OOS_secondhalf,2,0,0,0,2000,0,-2000
827,D_prize_roi_OOS_secondhalf,1,0,0,0,2000,0,-2000
828,D_prize_roi_OOS_secondhalf,2,0,0,0,2000,0,-2000
829,D_prize_roi_OOS_secondhalf,2,0,0,0,2000,0,-2000
830,D_prize_roi_OOS_secondhalf,3,2,0,0,2000,2000,0
831,D_prize_roi_OOS_secondhalf,2,0,0,0,2000,0,-2000
832,D_prize_roi_OOS_secondhalf,2,0,0,0,2000,0,-2000
833,D_prize_roi_OOS_secondhalf,2,0,0,0,2000,0,-2000
834,D_prize_roi_OOS_secondhalf,1,0,0,0,2000,0,-2000
835,D_prize_roi_OOS_secondhalf,2,0,0,0,2000,0,-2000
836,D_prize_roi_OOS_secondhalf,2,0,0,0,2000,0,-2000
837,D_prize_roi_OOS_secondhalf,2,0,0,0,2000,0,-2000
838,D_prize_roi_OOS_secondhalf,2,0,0,0,2000,0,-2000
839,D_prize_roi_OOS_secondhalf,2,0,0,0,2000,0,-2000
840,D_prize_roi_OOS_secondhalf,2,0,0,0,2000,0,-2000
841,D_prize_roi_OOS_secondhalf,3,1,0,0,2000,900,-1100
842,D_prize_roi_OOS_secondhalf,3,1,0,0,2000,1100,-900
843,D_prize_roi_OOS_secondhalf,2,0,0,0,2000,0,-2000
844,D_prize_roi_OOS_secondhalf,2,0,0,0,2000,0,-2000
845,D_prize_roi_OOS_secondhalf,1,0,0,0,2000,0,-2000
846,D_prize_roi_OOS_secondhalf,2,0,0,0,2000,0,-2000
847,D_prize_roi_OOS_secondhalf,3,1,0,0,2000,1100,-900
848,D_prize_roi_OOS_secondhalf,3,1,0,0,2000,1000,-1000
849,D_prize_roi_OOS_secondhalf,2,0,0,0,2000,0,-2000
850,D_prize_roi_OOS_secondhalf,3,1,0,0,2000,1200,-800
851,D_prize_roi_OOS_secondhalf,3,1,0,0,2000,1100,-900
852,D_prize_roi_OOS_secondhalf,3,1,0,0,2000,900,-1100
853,D_prize_roi_OOS_secondhalf,2,0,0,0,2000,0,-2000
854,D_prize_roi_OOS_secondhalf,2,0,0,0,2000,0,-2000
855,D_prize_roi_OOS_secondhalf,3,1,0,0,2000,900,-1100
856,D_prize_roi_OOS_secondhalf,2,0,0,0,2000,0,-2000
857,D_prize_roi_OOS_secondhalf,3,1,0,0,2000,1000,-1000
858,D_prize_roi_OOS_secondhalf,2,0,0,0,2000,0,-2000
859,D_prize_roi_OOS_secondhalf,3,2,0,0,2000,2200,200
860,D_prize_roi_OOS_secondhalf,2,0,0,0,2000,0,-2000
861,D_prize_roi_OOS_secondhalf,2,0,0,0,2000,0,-2000
862,D_prize_roi_OOS_secondhalf,2,0,0,0,2000,0,-2000
863,D_prize_roi_OOS_secondhalf,2,0,0,0,2000,0,-2000
864,D_prize_roi_OOS_secondhalf,2,0,0,0,2000,0,-2000
865,D_prize_roi_OOS_secondhalf,1,0,0,0,2000,0,-2000
866,D_prize_roi_OOS_secondhalf,3,1,0,0,2000,1000,-1000
867,D_prize_roi_OOS_secondhalf,1,0,0,0,2000,0,-2000
868,D_prize_roi_OOS_secondhalf,2,0,0,0,2000,0,-2000
869,D_prize_roi_OOS_secondhalf,2,0,0,0,2000,0,-2000
870,D_prize_roi_OOS_secondhalf,2,0,0,0,2000,0,-2000
871,D_prize_roi_OOS_secondhalf,2,0,0,0,2000,0,-2000
872,D_prize_roi_OOS_secondhalf,3,1,0,0,2000,900,-1100
873,D_prize_roi_OOS_secondhalf,2,0,0,0,2000,0,-2000
874,D_prize_roi_OOS_secondhalf,3,2,0,0,2000,2000,0
875,D_prize_roi_OOS_secondhalf,3,1,0,0,2000,700,-1300
876,D_prize_roi_OOS_secondhalf,2,0,0,0,2000,0,-2000
877,D_prize_roi_OOS_secondhalf,2,0,0,0,2000,0,-2000
878,D_prize_roi_OOS_secondhalf,1,0,0,0,2000,0,-2000
879,D_prize_roi_OOS_secondhalf,3,1,0,0,2000,1000,-1000
880,D_prize_roi_OOS_secondhalf,2,0,0,0,2000,0,-2000
881,D_prize_roi_OOS_secondhalf,1,0,0,0,2000,0,-2000
882,D_prize_roi_OOS_secondhalf,2,0,0,0,2000,0,-2000
883,D_prize_roi_OOS_secondhalf,3,1,0,0,2000,1200,-800
884,D_prize_roi_OOS_secondhalf,2,0,0,0,2000,0,-2000
885,D_prize_roi_OOS_secondhalf,2,0,0,0,2000,0,-2000
886,D_prize_roi_OOS_secondhalf,2,0,0,0,2000,0,-2000
887,D_prize_roi_OOS_secondhalf,2,0,0,0,2000,0,-2000
888,D_prize_roi_OOS_secondhalf,1,0,0,0,2000,0,-2000
889,D_prize_roi_OOS_secondhalf,2,0,0,0,2000,0,-2000
890,D_prize_roi_OOS_secondhalf,3,2,0,0,2000,1800,-200
891,D_prize_roi_OOS_secondhalf,2,0,0,0,2000,0,-2000
892,D_prize_roi_OOS_secondhalf,1,0,0,0,2000,0,-2000
893,D_prize_roi_OOS_secondhalf,2,0,0,0,2000,0,-2000
894,D_prize_roi_OOS_secondhalf,3,1,0,0,2000,1000,-1000
895,D_prize_roi_OOS_secondhalf,2,0,0,0,2000,0,-2000
896,D_prize_roi_OOS_secondhalf,2,0,0,0,2000,0,-2000
897,D_prize_roi_OOS_secondhalf,2,0,0,0,2000,0,-2000
898,D_prize_roi_OOS_secondhalf,1,0,0,0,2000,0,-2000
899,D_prize_roi_OOS_secondhalf,3,1,0,0,2000,1100,-900
900,D_prize_roi_OOS_secondhalf,2,0,0,0,2000,0,-2000
901,D_prize_roi_OOS_secondhalf,3,1,0,0,2000,1000,-1000
902,D_prize_roi_OOS_secondhalf,2,0,0,0,2000,0,-2000
903,D_prize_roi_OOS_secondhalf,3,1,0,0,2000,1000,-1000
904,D_prize_roi_OOS_secondhalf,3,1,0,0,2000,900,-1100
905,D_prize_roi_OOS_secondhalf,3,2,0,0,2000,1800,-200
906,D_prize_roi_OOS_secondhalf,3,1,0,0,2000,900,-1100
907,D_prize_roi_OOS_secondhalf,2,0,0,0,2000,0,-2000
908,D_prize_roi_OOS_secondhalf,3,2,0,0,2000,2200,200
909,D_prize_roi_OOS_secondhalf,2,0,0,0,2000,0,-2000
910,D_prize_roi_OOS_secondhalf,3,1,0,0,2000,1100,-900
911,D_prize_roi_OOS_secondhalf,2,0,0,0,2000,0,-2000
912,D_prize_roi_OOS_secondhalf,2,0,0,0,2000,0,-2000
913,D_prize_roi_OOS_secondhalf,2,0,0,0,2000,0,-2000
914,D_prize_roi_OOS_secondhalf,3,1,0,0,2000,900,-1100
915,D_prize_roi_OOS_secondhalf,2,0,0,0,2000,0,-2000
916,D_prize_roi_OOS_secondhalf,2,0,0,0,2000,0,-2000
917,D_prize_roi_OOS_secondhalf,2,0,0,0,2000,0,-2000
918,D_prize_roi_OOS_secondhalf,3,1,0,0,2000,1200,-800
919,D_prize_roi_OOS_secondhalf,2,0,0,0,2000,0,-2000
920,D_prize_roi_OOS_secondhalf,2,0,0,0,2000,0,-2000
921,D_prize_roi_OOS_secondhalf,2,0,0,0,2000,0,-2000
922,D_prize_roi_OOS_secondhalf,3,1,0,0,2000,1000,-1000
923,D_prize_roi_OOS_secondhalf,2,0,0,0,2000,0,-2000
924,D_prize_roi_OOS_secondhalf,2,0,0,0,2000,0,-2000
925,D_prize_roi_OOS_secondhalf,2,0,0,0,2000,0,-2000
926,D_prize_roi_OOS_secondhalf,2,0,0,0,2000,0,-2000
927,D_prize_roi_OOS_secondhalf,2,0,0,0,2000,0,-2000
928,D_prize_roi_OOS_secondhalf,2,0,0,0,2000,0,-2000
929,D_prize_roi_OOS_secondhalf,1,0,0,0,2000,0,-2000
930,D_prize_roi_OOS_secondhalf,2,0,0,0,2000,0,-2000
931,D_prize_roi_OOS_secondhalf,2,0,0,0,2000,0,-2000
932,D_prize_roi_OOS_secondhalf,2,0,0,0,2000,0,-2000
933,D_prize_roi_OOS_secondhalf,3,4,0,0,2000,4000,2000
934,D_prize_roi_OOS_secondhalf,3,2,0,0,2000,1600,-400
935,D_prize_roi_OOS_secondhalf,2,0,0,0,2000,0,-2000
936,D_prize_roi_OOS_secondhalf,2,0,0,0,2000,0,-2000
937,D_prize_roi_OOS_secondhalf,2,0,0,0,2000,0,-2000
938,D_prize_roi_OOS_secondhalf,1,0,0,0,2000,0,-2000
939,D_prize_roi_OOS_secondhalf,2,0,0,0,2000,0,-2000
940,D_prize_roi_OOS_secondhalf,2,0,0,0,2000,0,-2000
941,D_prize_roi_OOS_secondhalf,2,0,0,0,2000,0,-2000
942,D_prize_roi_OOS_secondhalf,2,0,0,0,2000,0,-2000
943,D_prize_roi_OOS_secondhalf,2,0,0,0,2000,0,-2000
944,D_prize_roi_OOS_secondhalf,2,0,0,0,2000,0,-2000
945,D_prize_roi_OOS_secondhalf,2,0,0,0,2000,0,-2000
946,D_prize_roi_OOS_secondhalf,2,0,0,0,2000,0,-2000
947,D_prize_roi_OOS_secondhalf,2,0,0,0,2000,0,-2000
948,D_prize_roi_OOS_secondhalf,2,0,0,0,2000,0,-2000
949,D_prize_roi_OOS_secondhalf,2,0,0,0,2000,0,-2000
950,D_prize_roi_OOS_secondhalf,2,0,0,0,2000,0,-2000
951,D_prize_roi_OOS_secondhalf,2,0,0,0,2000,0,-2000
952,D_prize_roi_OOS_secondhalf,2,0,0,0,2000,0,-2000
953,D_prize_roi_OOS_secondhalf,3,1,0,0,2000,900,-1100
954,D_prize_roi_OOS_secondhalf,2,0,0,0,2000,0,-2000
955,D_prize_roi_OOS_secondhalf,2,0,0,0,2000,0,-2000
956,D_prize_roi_OOS_secondhalf,2,0,0,0,2000,0,-2000
957,D_prize_roi_OOS_secondhalf,3,1,0,0,2000,1100,-900
958,D_prize_roi_OOS_secondhalf,2,0,0,0,2000,0,-2000
959,D_prize_roi_OOS_secondhalf,2,0,0,0,2000,0,-2000
960,D_prize_roi_OOS_secondhalf,3,1,0,0,2000,1000,-1000
961,D_prize_roi_OOS_secondhalf,1,0,0,0,2000,0,-2000
962,D_prize_roi_OOS_secondhalf,3,1,0,0,2000,800,-1200
963,D_prize_roi_OOS_secondhalf,3,1,0,0,2000,800,-1200
964,D_prize_roi_OOS_secondhalf,2,0,0,0,2000,0,-2000
965,D_prize_roi_OOS_secondhalf,1,0,0,0,2000,0,-2000
966,D_prize_roi_OOS_secondhalf,1,0,0,0,2000,0,-2000
967,D_prize_roi_OOS_secondhalf,2,0,0,0,2000,0,-2000
968,D_prize_roi_OOS_secondhalf,1,0,0,0,2000,0,-2000
969,D_prize_roi_OOS_secondhalf,2,0,0,0,2000,0,-2000
970,D_prize_roi_OOS_secondhalf,2,0,0,0,2000,0,-2000
971,D_prize_roi_OOS_secondhalf,2,0,0,0,2000,0,-2000
972,D_prize_roi_OOS_secondhalf,2,0,0,0,2000,0,-2000
973,D_prize_roi_OOS_secondhalf,2,0,0,0,2000,0,-2000
974,D_prize_roi_OOS_secondhalf,3,1,0,0,2000,1000,-1000
975,D_prize_roi_OOS_secondhalf,2,0,0,0,2000,0,-2000
976,D_prize_roi_OOS_secondhalf,3,1,0,0,2000,1000,-1000
977,D_prize_roi_OOS_secondhalf,3,1,0,0,2000,1000,-1000
978,D_prize_roi_OOS_secondhalf,1,0,0,0,2000,0,-2000
979,D_prize_roi_OOS_secondhalf,3,1,0,0,2000,1200,-800
980,D_prize_roi_OOS_secondhalf,3,1,0,0,2000,1000,-1000
981,D_prize_roi_OOS_secondhalf,2,0,0,0,2000,0,-2000
982,D_prize_roi_OOS_secondhalf,2,0,0,0,2000,0,-2000
983,D_prize_roi_OOS_secondhalf,2,0,0,0,2000,0,-2000
984,D_prize_roi_OOS_secondhalf,2,0,0,0,2000,0,-2000
985,D_prize_roi_OOS_secondhalf,2,0,0,0,2000,0,-2000
986,D_prize_roi_OOS_secondhalf,2,0,0,0,2000,0,-2000
987,D_prize_roi_OOS_secondhalf,1,0,0,0,2000,0,-2000
988,D_prize_roi_OOS_secondhalf,2,0,0,0,2000,0,-2000
989,D_prize_roi_OOS_secondhalf,1,0,0,0,2000,0,-2000
990,D_prize_roi_OOS_secondhalf,1,0,0,0,2000,0,-2000
991,D_prize_roi_OOS_secondhalf,2,0,0,0,2000,0,-2000
992,D_prize_roi_OOS_secondhalf,3,1,0,0,2000,1300,-700
993,D_prize_roi_OOS_secondhalf,3,1,0,0,2000,1100,-900
994,D_prize_roi_OOS_secondhalf,2,0,0,0,2000,0,-2000
995,D_prize_roi_OOS_secondhalf,4,1,1,0,2000,10600,8600
996,D_prize_roi_OOS_secondhalf,2,0,0,0,2000,0,-2000
997,D_prize_roi_OOS_secondhalf,1,0,0,0,2000,0,-2000
998,D_prize_roi_OOS_secondhalf,2,0,0,0,2000,0,-2000
999,D_prize_roi_OOS_secondhalf,2,0,0,0,2000,0,-2000
1000,D_prize_roi_OOS_secondhalf,3,1,0,0,2000,900,-1100
1001,D_prize_roi_OOS_secondhalf,2,0,0,0,2000,0,-2000
1002,D_prize_roi_OOS_secondhalf,2,0,0,0,2000,0,-2000
1003,D_prize_roi_OOS_secondhalf,1,0,0,0,2000,0,-2000
1004,D_prize_roi_OOS_secondhalf,2,0,0,0,2000,0,-2000
1005,D_prize_roi_OOS_secondhalf,2,0,0,0,2000,0,-2000
1006,D_prize_roi_OOS_secondhalf,3,1,0,0,2000,1000,-1000
1007,D_prize_roi_OOS_secondhalf,2,0,0,0,2000,0,-2000
1008,D_prize_roi_OOS_secondhalf,2,0,0,0,2000,0,-2000
1009,D_prize_roi_OOS_secondhalf,1,0,0,0,2000,0,-2000
1010,D_prize_roi_OOS_secondhalf,2,0,0,0,2000,0,-2000
1011,D_prize_roi_OOS_secondhalf,3,1,0,0,2000,1100,-900
1012,D_prize_roi_OOS_secondhalf,2,0,0,0,2000,0,-2000
1013,D_prize_roi_OOS_secondhalf,2,0,0,0,2000,0,-2000
1014,D_prize_roi_OOS_secondhalf,2,0,0,0,2000,0,-2000
1015,D_prize_roi_OOS_secondhalf,2,0,0,0,2000,0,-2000
1016,D_prize_roi_OOS_secondhalf,3,1,0,0,2000,1000,-1000
1017,D_prize_roi_OOS_secondhalf,2,0,0,0,2000,0,-2000
1018,D_prize_roi_OOS_secondhalf,2,0,0,0,2000,0,-2000
1019,D_prize_roi_OOS_secondhalf,1,0,0,0,2000,0,-2000
1020,D_prize_roi_OOS_secondhalf,2,0,0,0,2000,0,-2000
1021,D_prize_roi_OOS_secondhalf,2,0,0,0,2000,0,-2000
1022,D_prize_roi_OOS_secondhalf,1,0,0,0,2000,0,-2000
1023,D_prize_roi_OOS_secondhalf,2,0,0,0,2000,0,-2000
1024,D_prize_roi_OOS_secondhalf,2,0,0,0,2000,0,-2000
1025,D_prize_roi_OOS_secondhalf,1,0,0,0,2000,0,-2000
1026,D_prize_roi_OOS_secondhalf,2,0,0,0,2000,0,-2000
1027,D_prize_roi_OOS_secondhalf,1,0,0,0,2000,0,-2000
1028,D_prize_roi_OOS_secondhalf,2,0,0,0,2000,0,-2000
1029,D_prize_roi_OOS_secondhalf,1,0,0,0,2000,0,-2000
1030,D_prize_roi_OOS_secondhalf,3,1,0,0,2000,1300,-700
1031,D_prize_roi_OOS_secondhalf,3,1,0,0,2000,800,-1200
1032,D_prize_roi_OOS_secondhalf,2,0,0,0,2000,0,-2000
1033,D_prize_roi_OOS_secondhalf,2,0,0,0,2000,0,-2000
1034,D_prize_roi_OOS_secondhalf,1,0,0,0,2000,0,-2000
1035,D_prize_roi_OOS_secondhalf,2,0,0,0,2000,0,-2000
1036,D_prize_roi_OOS_secondhalf,3,1,0,0,2000,900,-1100
1037,D_prize_roi_OOS_secondhalf,1,0,0,0,2000,0,-2000
1038,D_prize_roi_OOS_secondhalf,2,0,0,0,2000,0,-2000
1039,D_prize_roi_OOS_secondhalf,3,1,0,0,2000,1000,-1000
1040,D_prize_roi_OOS_secondhalf,3,1,0,0,2000,900,-1100
1041,D_prize_roi_OOS_secondhalf,2,0,0,0,2000,0,-2000
1042,D_prize_roi_OOS_secondhalf,2,0,0,0,2000,0,-2000
1043,D_prize_roi_OOS_secondhalf,2,0,0,0,2000,0,-2000
1044,D_prize_roi_OOS_secondhalf,2,0,0,0,2000,0,-2000
1045,D_prize_roi_OOS_secondhalf,2,0,0,0,2000,0,-2000
1046,D_prize_roi_OOS_secondhalf,2,0,0,0,2000,0,-2000
1047,D_prize_roi_OOS_secondhalf,3,1,0,0,2000,900,-1100
1048,D_prize_roi_OOS_secondhalf,2,0,0,0,2000,0,-2000
1049,D_prize_roi_OOS_secondhalf,2,0,0,0,2000,0,-2000
1050,D_prize_roi_OOS_secondhalf,3,1,0,0,2000,900,-1100
1051,D_prize_roi_OOS_secondhalf,1,0,0,0,2000,0,-2000
1052,D_prize_roi_OOS_secondhalf,3,1,0,0,2000,900,-1100
1053,D_prize_roi_OOS_secondhalf,2,0,0,0,2000,0,-2000
1054,D_prize_roi_OOS_secondhalf,2,0,0,0,2000,0,-2000
1055,D_prize_roi_OOS_secondhalf,2,0,0,0,2000,0,-2000
1056,D_prize_roi_OOS_secondhalf,2,0,0,0,2000,0,-2000
1057,D_prize_roi_OOS_secondhalf,2,0,0,0,2000,0,-2000
1058,D_prize_roi_OOS_secondhalf,2,0,0,0,2000,0,-2000
1059,D_prize_roi_OOS_secondhalf,2,0,0,0,2000,0,-2000
1060,D_prize_roi_OOS_secondhalf,2,0,0,0,2000,0,-2000
1061,D_prize_roi_OOS_secondhalf,3,1,0,0,2000,800,-1200
1062,D_prize_roi_OOS_secondhalf,2,0,0,0,2000,0,-2000
1063,D_prize_roi_OOS_secondhalf,2,0,0,0,2000,0,-2000
1064,D_prize_roi_OOS_secondhalf,2,0,0,0,2000,0,-2000
1065,D_prize_roi_OOS_secondhalf,2,0,0,0,2000,0,-2000
1066,D_prize_roi_OOS_secondhalf,2,0,0,0,2000,0,-2000
1067,D_prize_roi_OOS_secondhalf,2,0,0,0,2000,0,-2000
1068,D_prize_roi_OOS_secondhalf,3,1,0,0,2000,1000,-1000
1069,D_prize_roi_OOS_secondhalf,2,0,0,0,2000,0,-2000
1070,D_prize_roi_OOS_secondhalf,2,0,0,0,2000,0,-2000
1071,D_prize_roi_OOS_secondhalf,2,0,0,0,2000,0,-2000
1072,D_prize_roi_OOS_secondhalf,2,0,0,0,2000,0,-2000
1073,D_prize_roi_OOS_secondhalf,3,1,0,0,2000,1000,-1000
1074,D_prize_roi_OOS_secondhalf,2,0,0,0,2000,0,-2000
1075,D_prize_roi_OOS_secondhalf,2,0,0,0,2000,0,-2000
1076,D_prize_roi_OOS_secondhalf,1,0,0,0,2000,0,-2000
1077,D_prize_roi_OOS_secondhalf,2,0,0,0,2000,0,-2000
1078,D_prize_roi_OOS_secondhalf,2,0,0,0,2000,0,-2000
1079,D_prize_roi_OOS_secondhalf,3,1,0,0,2000,900,-1100
1080,D_prize_roi_OOS_secondhalf,2,0,0,0,2000,0,-2000
1081,D_prize_roi_OOS_secondhalf,2,0,0,0,2000,0,-2000
1082,D_prize_roi_OOS_secondhalf,3,1,0,0,2000,1100,-900
1083,D_prize_roi_OOS_secondhalf,3,1,0,0,2000,1100,-900
1084,D_prize_roi_OOS_secondhalf,1,0,0,0,2000,0,-2000
1085,D_prize_roi_OOS_secondhalf,3,1,0,0,2000,1000,-1000
1086,D_prize_roi_OOS_secondhalf,1,0,0,0,2000,0,-2000
1087,D_prize_roi_OOS_secondhalf,2,0,0,0,2000,0,-2000
1088,D_prize_roi_OOS_secondhalf,2,0,0,0,2000,0,-2000
1089,D_prize_roi_OOS_secondhalf,2,0,0,0,2000,0,-2000
1090,D_prize_roi_OOS_secondhalf,2,0,0,0,2000,0,-2000
1091,D_prize_roi_OOS_secondhalf,3,1,0,0,2000,1100,-900
1092,D_prize_roi_OOS_secondhalf,1,0,0,0,2000,0,-2000
1093,D_prize_roi_OOS_secondhalf,2,0,0,0,2000,0,-2000
1094,D_prize_roi_OOS_secondhalf,2,0,0,0,2000,0,-2000
1095,D_prize_roi_OOS_secondhalf,2,0,0,0,2000,0,-2000
1096,D_prize_roi_OOS_secondhalf,3,1,0,0,2000,1100,-900
1097,D_prize_roi_OOS_secondhalf,1,0,0,0,2000,0,-2000
1098,D_prize_roi_OOS_secondhalf,2,0,0,0,2000,0,-2000
1099,D_prize_roi_OOS_secondhalf,2,0,0,0,2000,0,-2000
1100,D_prize_roi_OOS_secondhalf,2,0,0,0,2000,0,-2000
1101,D_prize_roi_OOS_secondhalf,1,0,0,0,2000,0,-2000
1102,D_prize_roi_OOS_secondhalf,2,0,0,0,2000,0,-2000
1103,D_prize_roi_OOS_secondhalf,2,0,0,0,2000,0,-2000
1104,D_prize_roi_OOS_secondhalf,2,0,0,0,2000,0,-2000
1105,D_prize_roi_OOS_secondhalf,3,1,0,0,2000,1000,-1000
1106,D_prize_roi_OOS_secondhalf,2,0,0,0,2000,0,-2000
1107,D_prize_roi_OOS_secondhalf,2,0,0,0,2000,0,-2000
1108,D_prize_roi_OOS_secondhalf,2,0,0,0,2000,0,-2000
1109,D_prize_roi_OOS_secondhalf,2,0,0,0,2000,0,-2000
1110,D_prize_roi_OOS_secondhalf,2,0,0,0,2000,0,-2000
1111,D_prize_roi_OOS_secondhalf,2,0,0,0,2000,0,-2000
1112,D_prize_roi_OOS_secondhalf,2,0,0,0,2000,0,-2000
1113,D_prize_roi_OOS_secondhalf,2,0,0,0,2000,0,-2000
1114,D_prize_roi_OOS_secondhalf,3,1,0,0,2000,1000,-1000
1115,D_prize_roi_OOS_secondhalf,2,0,0,0,2000,0,-2000
1116,D_prize_roi_OOS_secondhalf,3,1,0,0,2000,1000,-1000
1117,D_prize_roi_OOS_secondhalf,2,0,0,0,2000,0,-2000
1118,D_prize_roi_OOS_secondhalf,2,0,0,0,2000,0,-2000
1119,D_prize_roi_OOS_secondhalf,2,0,0,0,2000,0,-2000
1120,D_prize_roi_OOS_secondhalf,2,0,0,0,2000,0,-2000
1121,D_prize_roi_OOS_secondhalf,2,0,0,0,2000,0,-2000
1122,D_prize_roi_OOS_secondhalf,3,1,0,0,2000,1000,-1000
1123,D_prize_roi_OOS_secondhalf,2,0,0,0,2000,0,-2000
1124,D_prize_roi_OOS_secondhalf,2,0,0,0,2000,0,-2000
1125,D_prize_roi_OOS_secondhalf,3,1,0,0,2000,1000,-1000
1126,D_prize_roi_OOS_secondhalf,2,0,0,0,2000,0,-2000
1127,D_prize_roi_OOS_secondhalf,3,2,0,0,2000,2000,0
1128,D_prize_roi_OOS_secondhalf,2,0,0,0,2000,0,-2000
1129,D_prize_roi_OOS_secondhalf,2,0,0,0,2000,0,-2000
1130,D_prize_roi_OOS_secondhalf,2,0,0,0,2000,0,-2000
1131,D_prize_roi_OOS_secondhalf,2,0,0,0,2000,0,-2000
1132,D_prize_roi_OOS_secondhalf,3,1,0,0,2000,1000,-1000
1133,D_prize_roi_OOS_secondhalf,1,0,0,0,2000,0,-2000
1134,D_prize_roi_OOS_secondhalf,2,0,0,0,2000,0,-2000
1135,D_prize_roi_OOS_secondhalf,2,0,0,0,2000,0,-2000
1136,D_prize_roi_OOS_secondhalf,1,0,0,0,2000,0,-2000
1137,D_prize_roi_OOS_secondhalf,1,0,0,0,2000,0,-2000
1138,D_prize_roi_OOS_secondhalf,2,0,0,0,2000,0,-2000
1139,D_prize_roi_OOS_secondhalf,2,0,0,0,2000,0,-2000
1140,D_prize_roi_OOS_secondhalf,2,0,0,0,2000,0,-2000
1141,D_prize_roi_OOS_secondhalf,2,0,0,0,2000,0,-2000
1142,D_prize_roi_OOS_secondhalf,1,0,0,0,2000,0,-2000
1143,D_prize_roi_OOS_secondhalf,1,0,0,0,2000,0,-2000
1144,D_prize_roi_OOS_secondhalf,2,0,0,0,2000,0,-2000
1145,D_prize_roi_OOS_secondhalf,3,1,0,0,2000,1000,-1000
1146,D_prize_roi_OOS_secondhalf,3,1,0,0,2000,900,-1100
1147,D_prize_roi_OOS_secondhalf,3,1,0,0,2000,800,-1200
1148,D_prize_roi_OOS_secondhalf,1,0,0,0,2000,0,-2000
1149,D_prize_roi_OOS_secondhalf,3,1,0,0,2000,1100,-900
1150,D_prize_roi_OOS_secondhalf,1,0,0,0,2000,0,-2000
1151,D_prize_roi_OOS_secondhalf,3,1,0,0,2000,1100,-900
1152,D_prize_roi_OOS_secondhalf,2,0,0,0,2000,0,-2000
1153,D_prize_roi_OOS_secondhalf,2,0,0,0,2000,0,-2000
1154,D_prize_roi_OOS_secondhalf,2,0,0,0,2000,0,-2000
1155,D_prize_roi_OOS_secondhalf,3,1,0,0,2000,1200,-800
1156,D_prize_roi_OOS_secondhalf,2,0,0,0,2000,0,-2000
1157,D_prize_roi_OOS_secondhalf,2,0,0,0,2000,0,-2000
1158,D_prize_roi_OOS_secondhalf,2,0,0,0,2000,0,-2000
1159,D_prize_roi_OOS_secondhalf,3,2,0,0,2000,2000,0
1160,D_prize_roi_OOS_secondhalf,2,0,0,0,2000,0,-2000
1161,D_prize_roi_OOS_secondhalf,2,0,0,0,2000,0,-2000
1162,D_prize_roi_OOS_secondhalf,2,0,0,0,2000,0,-2000
1163,D_prize_roi_OOS_secondhalf,2,0,0,0,2000,0,-2000
1164,D_prize_roi_OOS_secondhalf,1,0,0,0,2000,0,-2000
1165,D_prize_roi_OOS_secondhalf,2,0,0,0,2000,0,-2000
1166,D_prize_roi_OOS_secondhalf,2,0,0,0,2000,0,-2000
1167,D_prize_roi_OOS_secondhalf,1,0,0,0,2000,0,-2000
1168,D_prize_roi_OOS_secondhalf,2,0,0,0,2000,0,-2000
1169,D_prize_roi_OOS_secondhalf,2,0,0,0,2000,0,-2000
1170,D_prize_roi_OOS_secondhalf,3,1,0,0,2000,1100,-900
1171,D_prize_roi_OOS_secondhalf,2,0,0,0,2000,0,-2000
1172,D_prize_roi_OOS_secondhalf,2,0,0,0,2000,0,-2000
1173,D_prize_roi_OOS_secondhalf,3,1,0,0,2000,800,-1200
1174,D_prize_roi_OOS_secondhalf,2,0,0,0,2000,0,-2000
1175,D_prize_roi_OOS_secondhalf,2,0,0,0,2000,0,-2000
1176,D_prize_roi_OOS_secondhalf,2,0,0,0,2000,0,-2000
1177,D_prize_roi_OOS_secondhalf,2,0,0,0,2000,0,-2000
1178,D_prize_roi_OOS_secondhalf,2,0,0,0,2000,0,-2000
1179,D_prize_roi_OOS_secondhalf,2,0,0,0,2000,0,-2000
1180,D_prize_roi_OOS_secondhalf,2,0,0,0,2000,0,-2000
1181,D_prize_roi_OOS_secondhalf,2,0,0,0,2000,0,-2000
1182,D_prize_roi_OOS_secondhalf,3,1,0,0,2000,1100,-900
1183,D_prize_roi_OOS_secondhalf,2,0,0,0,2000,0,-2000
1184,D_prize_roi_OOS_secondhalf,1,0,0,0,2000,0,-2000
1185,D_prize_roi_OOS_secondhalf,2,0,0,0,2000,0,-2000
1186,D_prize_roi_OOS_secondhalf,2,0,0,0,2000,0,-2000
1187,D_prize_roi_OOS_secondhalf,2,0,0,0,2000,0,-2000
1188,D_prize_roi_OOS_secondhalf,2,0,0,0,2000,0,-2000
1189,D_prize_roi_OOS_secondhalf,2,0,0,0,2000,0,-2000
1190,D_prize_roi_OOS_secondhalf,1,0,0,0,2000,0,-2000
1191,D_prize_roi_OOS_secondhalf,2,0,0,0,2000,0,-2000
1192,D_prize_roi_OOS_secondhalf,1,0,0,0,2000,0,-2000
1193,D_prize_roi_OOS_secondhalf,2,0,0,0,2000,0,-2000
1194,D_prize_roi_OOS_secondhalf,1,0,0,0,2000,0,-2000
1195,D_prize_roi_OOS_secondhalf,2,0,0,0,2000,0,-2000
1196,D_prize_roi_OOS_secondhalf,3,1,0,0,2000,1000,-1000
1197,D_prize_roi_OOS_secondhalf,2,0,0,0,2000,0,-2000
1198,D_prize_roi_OOS_secondhalf,2,0,0,0,2000,0,-2000
1199,D_prize_roi_OOS_secondhalf,2,0,0,0,2000,0,-2000
1200,D_prize_roi_OOS_secondhalf,2,0,0,0,2000,0,-2000
1201,D_prize_roi_OOS_secondhalf,2,0,0,0,2000,0,-2000
1202,D_prize_roi_OOS_secondhalf,3,1,0,0,2000,1000,-1000
1203,D_prize_roi_OOS_secondhalf,2,0,0,0,2000,0,-2000
1204,D_prize_roi_OOS_secondhalf,2,0,0,0,2000,0,-2000
1205,D_prize_roi_OOS_secondhalf,2,0,0,0,2000,0,-2000
1206,D_prize_roi_OOS_secondhalf,3,2,0,0,2000,1800,-200
1207,D_prize_roi_OOS_secondhalf,2,0,0,0,2000,0,-2000
1208,D_prize_roi_OOS_secondhalf,2,0,0,0,2000,0,-2000
1209,D_prize_roi_OOS_secondhalf,2,0,0,0,2000,0,-2000
1210,D_prize_roi_OOS_secondhalf,2,0,0,0,2000,0,-2000
1211,D_prize_roi_OOS_secondhalf,2,0,0,0,2000,0,-2000
1212,D_prize_roi_OOS_secondhalf,2,0,0,0,2000,0,-2000
1213,D_prize_roi_OOS_secondhalf,2,0,0,0,2000,0,-2000
1214,D_prize_roi_OOS_secondhalf,2,0,0,0,2000,0,-2000
1215,D_prize_roi_OOS_secondhalf,2,0,0,0,2000,0,-2000
1216,D_prize_roi_OOS_secondhalf,3,1,0,0,2000,1000,-1000
1217,D_prize_roi_OOS_secondhalf,2,0,0,0,2000,0,-2000
1218,D_prize_roi_OOS_secondhalf,2,0,0,0,2000,0,-2000
1219,D_prize_roi_OOS_secondhalf,2,0,0,0,2000,0,-2000
1220,D_prize_roi_OOS_secondhalf,2,0,0,0,2000,0,-2000
1221,D_prize_roi_OOS_secondhalf,3,1,0,0,2000,1000,-1000
1222,D_prize_roi_OOS_secondhalf,3,1,0,0,2000,1100,-900
1223,D_prize_roi_OOS_secondhalf,2,0,0,0,2000,0,-2000
1224,D_prize_roi_OOS_secondhalf,2,0,0,0,2000,0,-2000
1225,D_prize_roi_OOS_secondhalf,2,0,0,0,2000,0,-2000
1226,D_prize_roi_OOS_secondhalf,2,0,0,0,2000,0,-2000
1227,D_prize_roi_OOS_secondhalf,2,0,0,0,2000,0,-2000
1228,D_prize_roi_OOS_secondhalf,2,0,0,0,2000,0,-2000
1229,D_prize_roi_OOS_secondhalf,2,0,0,0,2000,0,-2000
1230,D_prize_roi_OOS_secondhalf,2,0,0,0,2000,0,-2000
1231,D_prize_roi_OOS_secondhalf,1,0,0,0,2000,0,-2000
1232,D_prize_roi_OOS_secondhalf,3,1,0,0,2000,900,-1100
1233,D_prize_roi_OOS_secondhalf,2,0,0,0,2000,0,-2000
1234,D_prize_roi_OOS_secondhalf,2,0,0,0,2000,0,-2000
1235,D_prize_roi_OOS_secondhalf,1,0,0,0,2000,0,-2000
1236,D_prize_roi_OOS_secondhalf,3,1,0,0,2000,1100,-900
1237,D_prize_roi_OOS_secondhalf,2,0,0,0,2000,0,-2000
1238,D_prize_roi_OOS_secondhalf,2,0,0,0,2000,0,-2000
1239,D_prize_roi_OOS_secondhalf,2,0,0,0,2000,0,-2000
1240,D_prize_roi_OOS_secondhalf,2,0,0,0,2000,0,-2000
1241,D_prize_roi_OOS_secondhalf,1,0,0,0,2000,0,-2000
1242,D_prize_roi_OOS_secondhalf,1,0,0,0,2000,0,-2000
1243,D_prize_roi_OOS_secondhalf,2,0,0,0,2000,0,-2000
1244,D_prize_roi_OOS_secondhalf,1,0,0,0,2000,0,-2000
1245,D_prize_roi_OOS_secondhalf,2,0,0,0,2000,0,-2000
1246,D_prize_roi_OOS_secondhalf,2,0,0,0,2000,0,-2000
1247,D_prize_roi_OOS_secondhalf,1,0,0,0,2000,0,-2000
1248,D_prize_roi_OOS_secondhalf,2,0,0,0,2000,0,-2000
1249,D_prize_roi_OOS_secondhalf,3,1,0,0,2000,800,-1200
1250,D_prize_roi_OOS_secondhalf,1,0,0,0,2000,0,-2000
1251,D_prize_roi_OOS_secondhalf,2,0,0,0,2000,0,-2000
1252,D_prize_roi_OOS_secondhalf,1,0,0,0,2000,0,-2000
1253,D_prize_roi_OOS_secondhalf,1,0,0,0,2000,0,-2000
1254,D_prize_roi_OOS_secondhalf,4,2,1,0,2000,8700,6700
1255,D_prize_roi_OOS_secondhalf,2,0,0,0,2000,0,-2000
1256,D_prize_roi_OOS_secondhalf,2,0,0,0,2000,0,-2000
1257,D_prize_roi_OOS_secondhalf,2,0,0,0,2000,0,-2000
1258,D_prize_roi_OOS_secondhalf,2,0,0,0,2000,0,-2000
1259,D_prize_roi_OOS_secondhalf,2,0,0,0,2000,0,-2000
1260,D_prize_roi_OOS_secondhalf,2,0,0,0,2000,0,-2000
1261,D_prize_roi_OOS_secondhalf,2,0,0,0,2000,0,-2000
1262,D_prize_roi_OOS_secondhalf,2,0,0,0,2000,0,-2000
1263,D_prize_roi_OOS_secondhalf,2,0,0,0,2000,0,-2000
1264,D_prize_roi_OOS_secondhalf,3,1,0,0,2000,900,-1100
1265,D_prize_roi_OOS_secondhalf,4,2,1,0,2000,11100,9100
1266,D_prize_roi_OOS_secondhalf,2,0,0,0,2000,0,-2000
1267,D_prize_roi_OOS_secondhalf,3,1,0,0,2000,1100,-900
1268,D_prize_roi_OOS_secondhalf,2,0,0,0,2000,0,-2000
1269,D_prize_roi_OOS_secondhalf,2,0,0,0,2000,0,-2000
1270,D_prize_roi_OOS_secondhalf,2,0,0,0,2000,0,-2000
1271,D_prize_roi_OOS_secondhalf,2,0,0,0,2000,0,-2000
1272,D_prize_roi_OOS_secondhalf,2,0,0,0,2000,0,-2000
1273,D_prize_roi_OOS_secondhalf,2,0,0,0,2000,0,-2000
1274,D_prize_roi_OOS_secondhalf,2,0,0,0,2000,0,-2000
1275,D_prize_roi_OOS_secondhalf,1,0,0,0,2000,0,-2000
1276,D_prize_roi_OOS_secondhalf,2,0,0,0,2000,0,-2000
1277,D_prize_roi_OOS_secondhalf,2,0,0,0,2000,0,-2000
1278,D_prize_roi_OOS_secondhalf,3,1,0,0,2000,900,-1100
1279,D_prize_roi_OOS_secondhalf,2,0,0,0,2000,0,-2000
1280,D_prize_roi_OOS_secondhalf,3,1,0,0,2000,1000,-1000
1281,D_prize_roi_OOS_secondhalf,2,0,0,0,2000,0,-2000
1282,D_prize_roi_OOS_secondhalf,2,0,0,0,2000,0,-2000
1283,D_prize_roi_OOS_secondhalf,4,1,1,0,2000,9600,7600
1284,D_prize_roi_OOS_secondhalf,2,0,0,0,2000,0,-2000
1285,D_prize_roi_OOS_secondhalf,1,0,0,0,2000,0,-2000
1286,D_prize_roi_OOS_secondhalf,2,0,0,0,2000,0,-2000
1287,D_prize_roi_OOS_secondhalf,2,0,0,0,2000,0,-2000
1288,D_prize_roi_OOS_secondhalf,1,0,0,0,2000,0,-2000
1289,D_prize_roi_OOS_secondhalf,3,1,0,0,2000,1100,-900
1290,D_prize_roi_OOS_secondhalf,2,0,0,0,2000,0,-2000
1291,D_prize_roi_OOS_secondhalf,1,0,0,0,2000,0,-2000
1292,D_prize_roi_OOS_secondhalf,2,0,0,0,2000,0,-2000
1293,D_prize_roi_OOS_secondhalf,2,0,0,0,2000,0,-2000
1294,D_prize_roi_OOS_secondhalf,2,0,0,0,2000,0,-2000
1295,D_prize_roi_OOS_secondhalf,2,0,0,0,2000,0,-2000
1296,D_prize_roi_OOS_secondhalf,3,1,0,0,2000,1000,-1000
1297,D_prize_roi_OOS_secondhalf,1,0,0,0,2000,0,-2000
1298,D_prize_roi_OOS_secondhalf,2,0,0,0,2000,0,-2000
1299,D_prize_roi_OOS_secondhalf,2,0,0,0,2000,0,-2000
1300,D_prize_roi_OOS_secondhalf,2,0,0,0,2000,0,-2000
1301,D_prize_roi_OOS_secondhalf,2,0,0,0,2000,0,-2000
1302,D_prize_roi_OOS_secondhalf,2,0,0,0,2000,0,-2000
1303,D_prize_roi_OOS_secondhalf,1,0,0,0,2000,0,-2000
1304,D_prize_roi_OOS_secondhalf,3,2,0,0,2000,2200,200
1305,D_prize_roi_OOS_secondhalf,2,0,0,0,2000,0,-2000
1306,D_prize_roi_OOS_secondhalf,2,0,0,0,2000,0,-2000
1307,D_prize_roi_OOS_secondhalf,1,0,0,0,2000,0,-2000
1308,D_prize_roi_OOS_secondhalf,1,0,0,0,2000,0,-2000
1309,D_prize_roi_OOS_secondhalf,2,0,0,0,2000,0,-2000
1310,D_prize_roi_OOS_secondhalf,3,2,0,0,2000,2000,0
1311,D_prize_roi_OOS_secondhalf,2,0,0,0,2000,0,-2000
1312,D_prize_roi_OOS_secondhalf,2,0,0,0,2000,0,-2000
1313,D_prize_roi_OOS_secondhalf,2,0,0,0,2000,0,-2000
1314,D_prize_roi_OOS_secondhalf,2,0,0,0,2000,0,-2000
1315,D_prize_roi_OOS_secondhalf,2,0,0,0,2000,0,-2000
1316,D_prize_roi_OOS_secondhalf,3,1,0,0,2000,800,-1200
1317,D_prize_roi_OOS_secondhalf,3,1,0,0,2000,1100,-900
1318,D_prize_roi_OOS_secondhalf,1,0,0,0,2000,0,-2000
1319,D_prize_roi_OOS_secondhalf,2,0,0,0,2000,0,-2000
1320,D_prize_roi_OOS_secondhalf,3,1,0,0,2000,800,-1200
1321,D_prize_roi_OOS_secondhalf,1,0,0,0,2000,0,-2000
1322,D_prize_roi_OOS_secondhalf,3,1,0,0,2000,1000,-1000
1323,D_prize_roi_OOS_secondhalf,2,0,0,0,2000,0,-2000
1324,D_prize_roi_OOS_secondhalf,2,0,0,0,2000,0,-2000
1325,D_prize_roi_OOS_secondhalf,2,0,0,0,2000,0,-2000
1326,D_prize_roi_OOS_secondhalf,2,0,0,0,2000,0,-2000
1327,D_prize_roi_OOS_secondhalf,2,0,0,0,2000,0,-2000
1328,D_prize_roi_OOS_secondhalf,2,0,0,0,2000,0,-2000
1329,D_prize_roi_OOS_secondhalf,3,1,0,0,2000,900,-1100
1330,D_prize_roi_OOS_secondhalf,2,0,0,0,2000,0,-2000
1331,D_prize_roi_OOS_secondhalf,2,0,0,0,2000,0,-2000
1332,D_prize_roi_OOS_secondhalf,1,0,0,0,2000,0,-2000
1333,D_prize_roi_OOS_secondhalf,4,1,1,0,2000,7800,5800
1334,D_prize_roi_OOS_secondhalf,1,0,0,0,2000,0,-2000
1335,D_prize_roi_OOS_secondhalf,1,0,0,0,2000,0,-2000
1336,D_prize_roi_OOS_secondhalf,3,1,0,0,2000,1100,-900
1337,D_prize_roi_OOS_secondhalf,3,1,0,0,2000,1000,-1000
1338,D_prize_roi_OOS_secondhalf,2,0,0,0,2000,0,-2000
1339,D_prize_roi_OOS_secondhalf,2,0,0,0,2000,0,-2000
1340,D_prize_roi_OOS_secondhalf,2,0,0,0,2000,0,-2000
1341,D_prize_roi_OOS_secondhalf,2,0,0,0,2000,0,-2000
1342,D_prize_roi_OOS_secondhalf,2,0,0,0,2000,0,-2000
1343,D_prize_roi_OOS_secondhalf,2,0,0,0,2000,0,-2000
1344,D_prize_roi_OOS_secondhalf,3,2,0,0,2000,1800,-200
1345,D_prize_roi_OOS_secondhalf,3,1,0,0,2000,800,-1200
1346,D_prize_roi_OOS_secondhalf,2,0,0,0,2000,0,-2000
1347,D_prize_roi_OOS_secondhalf,3,1,0,0,2000,900,-1100
1348,D_prize_roi_OOS_secondhalf,2,0,0,0,2000,0,-2000
1349,D_prize_roi_OOS_secondhalf,2,0,0,0,2000,0,-2000
1350,D_prize_roi_OOS_secondhalf,2,0,0,0,2000,0,-2000
1351,D_prize_roi_OOS_secondhalf,1,0,0,0,2000,0,-2000
1352,D_prize_roi_OOS_secondhalf,2,0,0,0,2000,0,-2000
1353,D_prize_roi_OOS_secondhalf,1,0,0,0,2000,0,-2000
1354,D_prize_roi_OOS_secondhalf,2,0,0,0,2000,0,-2000
1355,D_prize_roi_OOS_secondhalf,2,0,0,0,2000,0,-2000
1356,D_prize_roi_OOS_secondhalf,2,0,0,0,2000,0,-2000
1357,D_prize_roi_OOS_secondhalf,3,1,0,0,2000,900,-1100
1358,D_prize_roi_OOS_secondhalf,2,0,0,0,2000,0,-2000
1359,D_prize_roi_OOS_secondhalf,3,1,0,0,2000,1200,-800
1360,D_prize_roi_OOS_secondhalf,3,1,0,0,2000,1000,-1000
1361,D_prize_roi_OOS_secondhalf,2,0,0,0,2000,0,-2000
1362,D_prize_roi_OOS_secondhalf,1,0,0,0,2000,0,-2000
1363,D_prize_roi_OOS_secondhalf,3,2,0,0,2000,2200,200
1364,D_prize_roi_OOS_secondhalf,2,0,0,0,2000,0,-2000
1365,D_prize_roi_OOS_secondhalf,2,0,0,0,2000,0,-2000
1366,D_prize_roi_OOS_secondhalf,2,0,0,0,2000,0,-2000
1367,D_prize_roi_OOS_secondhalf,2,0,0,0,2000,0,-2000
1368,D_prize_roi_OOS_secondhalf,2,0,0,0,2000,0,-2000
1369,D_prize_roi_OOS_secondhalf,2,0,0,0,2000,0,-2000
1370,D_prize_roi_OOS_secondhalf,2,0,0,0,2000,0,-2000
1371,D_prize_roi_OOS_secondhalf,2,0,0,0,2000,0,-2000
1372,D_prize_roi_OOS_secondhalf,3,1,0,0,2000,1000,-1000
1373,D_prize_roi_OOS_secondhalf,2,0,0,0,2000,0,-2000
1374,D_prize_roi_OOS_secondhalf,2,0,0,0,2000,0,-2000
1375,D_prize_roi_OOS_secondhalf,2,0,0,0,2000,0,-2000
1376,D_prize_roi_OOS_secondhalf,2,0,0,0,2000,0,-2000
1377,D_prize_roi_OOS_secondhalf,2,0,0,0,2000,0,-2000
1378,D_prize_roi_OOS_secondhalf,3,1,0,0,2000,1000,-1000
1379,D_prize_roi_OOS_secondhalf,2,0,0,0,2000,0,-2000
1380,D_prize_roi_OOS_secondhalf,2,0,0,0,2000,0,-2000
1381,D_prize_roi_OOS_secondhalf,2,0,0,0,2000,0,-2000
1382,D_prize_roi_OOS_secondhalf,2,0,0,0,2000,0,-2000
1383,D_prize_roi_OOS_secondhalf,2,0,0,0,2000,0,-2000
1384,D_prize_roi_OOS_secondhalf,2,0,0,0,2000,0,-2000
1385,D_prize_roi_OOS_secondhalf,3,1,0,0,2000,900,-1100
1386,D_prize_roi_OOS_secondhalf,2,0,0,0,2000,0,-2000
1387,D_prize_roi_OOS_secondhalf,2,0,0,0,2000,0,-2000
1388,D_prize_roi_OOS_secondhalf,2,0,0,0,2000,0,-2000
1389,D_prize_roi_OOS_secondhalf,2,0,0,0,2000,0,-2000
1390,D_prize_roi_OOS_secondhalf,2,0,0,0,2000,0,-2000
1391,D_prize_roi_OOS_secondhalf,3,1,0,0,2000,900,-1100
1392,D_prize_roi_OOS_secondhalf,2,0,0,0,2000,0,-2000
1393,D_prize_roi_OOS_secondhalf,2,0,0,0,2000,0,-2000
1394,D_prize_roi_OOS_secondhalf,1,0,0,0,2000,0,-2000
1395,D_prize_roi_OOS_secondhalf,2,0,0,0,2000,0,-2000
1396,D_prize_roi_OOS_secondhalf,2,0,0,0,2000,0,-2000
1397,D_prize_roi_OOS_secondhalf,2,0,0,0,2000,0,-2000
1398,D_prize_roi_OOS_secondhalf,2,0,0,0,2000,0,-2000
1399,D_prize_roi_OOS_secondhalf,2,0,0,0,2000,0,-2000
1400,D_prize_roi_OOS_secondhalf,2,0,0,0,2000,0,-2000
1401,D_prize_roi_OOS_secondhalf,2,0,0,0,2000,0,-2000
1402,D_prize_roi_OOS_secondhalf,3,1,0,0,2000,1000,-1000
1403,D_prize_roi_OOS_secondhalf,2,0,0,0,2000,0,-2000
1404,D_prize_roi_OOS_secondhalf,2,0,0,0,2000,0,-2000
