sum,mean,range,std,odd_count,even_count,low_count,high_count,prime_count,consecutive_pair_count,max_consecutive_run,d12,d23,d34,d45,decade_spread,draw_no,date
66,13.2,24,9.516301802696255,4,1,2,3,2,0,1,2,14,3,5,3,1,1999-04-13
76,15.2,28,9.53729521405309,2,3,3,2,2,1,2,9,1,9,9,4,2,1999-04-27
73,14.6,29,10.725670142233538,1,4,3,2,0,0,1,7,2,14,6,4,3,1999-05-11
88,17.6,20,7.391887445030531,2,3,3,2,2,1,2,1,2,6,11,3,4,1999-05-25
78,15.6,17,6.6211781428987395,4,1,3,2,0,1,2,1,6,6,4,3,5,1999-06-08
82,16.4,27,9.520504188329523,2,3,2,3,3,0,1,9,5,8,5,3,6,1999-06-22
109,21.8,28,9.703607576566563,3,2,1,4,2,2,3,21,1,1,5,3,7,1999-07-06
129,25.8,8,2.85657137141714,1,4,0,5,0,1,2,2,1,3,2,2,8,1999-07-20
66,13.2,26,8.37615663654877,2,3,4,1,3,2,3,9,1,1,15,3,9,1999-08-03
101,20.2,22,7.138627319029899,3,2,1,4,2,0,1,11,2,2,7,4,10,1999-08-17
104,20.8,13,4.707440918375928,2,3,0,5,2,3,4,1,1,1,10,3,11,1999-08-31
62,12.4,14,4.963869458396342,4,1,3,2,3,0,1,4,4,3,3,2,12,1999-09-14
88,17.6,22,8.260750571225353,2,3,2,3,1,0,1,5,7,7,3,3,13,1999-09-28
102,20.4,27,9.562426470305537,2,3,1,4,2,0,1,19,3,2,3,2,14,1999-10-05
78,15.6,18,7.445804187594514,2,3,2,3,2,1,2,2,9,6,1,3,15,1999-10-12
99,19.8,25,9.21737489744233,1,4,1,4,1,1,2,18,4,2,1,2,16,1999-10-19
100,20.0,17,5.966573556070519,2,3,1,4,0,0,1,8,2,5,2,2,17,1999-10-26
79,15.8,24,8.471127433818948,3,2,2,3,1,0,1,13,2,7,2,3,18,1999-11-02
70,14.0,25,9.143303560529969,2,3,3,2,1,1,2,7,1,12,5,3,19,1999-11-09
111,22.2,16,5.30659966456864,1,4,1,4,0,0,1,6,2,3,5,3,20,1999-11-16
96,19.2,28,9.6,4,1,2,3,2,0,1,12,7,3,6,4,21,1999-11-23
94,18.8,26,11.356055653262711,0,5,2,3,0,0,1,2,20,2,2,3,22,1999-11-30
81,16.2,24,8.304215796810679,1,4,2,3,2,0,1,11,5,4,4,3,23,1999-12-07
99,19.8,16,6.337191807101944,1,4,2,3,1,0,1,2,5,7,2,2,24,1999-12-14
59,11.8,27,10.303397497913005,3,2,3,2,4,1,2,1,4,11,11,3,25,1999-12-21
53,10.6,8,3.2619012860600183,3,2,5,0,1,3,3,1,1,5,1,2,26,1999-12-28
98,19.6,21,6.887670143089026,2,3,1,4,1,1,2,6,4,1,10,3,27,2000-01-04
77,15.4,27,9.478396488858229,3,2,3,2,2,0,1,7,6,7,7,3,28,2000-01-11
95,19.0,22,8.318653737234168,3,2,2,3,2,0,1,3,5,9,5,4,29,2000-01-18
90,18.0,20,6.603029607687671,2,3,2,3,1,1,2,5,2,1,12,2,30,2000-01-25
107,21.4,14,4.63033476111609,1,4,1,4,0,1,2,6,1,3,4,2,31,2000-02-01
66,13.2,22,7.138627319029898,2,3,3,2,3,0,1,9,2,3,8,3,32,2000-02-08
52,10.4,28,10.170545708072897,2,3,4,1,2,2,2,1,5,1,21,2,33,2000-02-15
88,17.6,25,9.971960689854328,2,3,2,3,1,1,2,5,9,10,1,3,34,2000-02-22
89,17.8,16,6.523802572120037,1,4,2,3,1,1,2,1,7,6,2,2,35,2000-02-29
64,12.8,17,6.04648658313239,2,3,3,2,0,1,2,4,7,1,5,3,36,2000-03-07
70,14.0,25,9.186947262284681,2,3,3,2,2,1,2,1,3,6,15,3,37,2000-03-14
94,18.8,20,6.64529909033446,4,1,1,4,4,1,2,5,1,2,12,2,38,2000-03-21
81,16.2,29,10.684568311354464,3,2,3,2,0,0,1,8,6,11,4,4,39,2000-03-28
96,19.2,23,8.471127433818948,2,3,1,4,0,1,2,12,8,1,2,3,40,2000-04-04
93,18.6,16,5.4258639865002145,1,4,1,4,1,0,1,6,3,3,4,2,41,2000-04-11
81,16.2,29,11.08873302050329,3,2,2,3,4,0,1,3,14,5,7,4,42,2000-04-18
66,13.2,27,9.495261976375375,2,3,3,2,2,0,1,3,5,5,14,3,43,2000-04-25
95,19.0,22,7.720103626247513,3,2,1,4,1,0,1,13,2,5,2,3,44,2000-05-02
89,17.8,19,7.025667228100119,3,2,2,3,3,0,1,6,6,5,2,3,45,2000-05-09
83,16.6,24,9.112628599915613,1,4,2,3,2,1,2,8,12,1,3,3,46,2000-05-16
62,12.4,27,9.645724441429996,2,3,3,2,3,0,1,4,2,9,12,3,47,2000-05-23
66,13.2,29,9.641576634555161,4,1,4,1,4,0,1,7,2,2,18,3,48,2000-05-30
85,17.0,15,5.89915248150105,3,2,3,2,2,1,2,3,1,9,2,2,49,2000-06-06
33,6.6,6,2.1540659228538015,1,4,5,0,1,2,3,1,1,2,2,2,50,2000-06-13
74,14.8,26,9.173875952943773,4,1,3,2,3,1,2,2,8,1,15,3,51,2000-06-20
83,16.6,27,10.190191362285598,1,4,3,2,1,0,1,6,2,14,5,4,52,2000-06-27
63,12.6,13,4.498888751680798,3,2,4,1,2,2,3,9,1,1,2,2,53,2000-07-04
63,12.6,17,6.887670143089026,3,2,3,2,1,1,2,1,10,3,3,3,54,2000-07-11
74,14.8,27,9.239047569960878,2,3,3,2,2,1,2,6,1,7,13,3,55,2000-07-18
48,9.6,26,9.243376006633074,4,1,4,1,2,0,1,2,4,3,17,3,56,2000-07-25
103,20.6,26,9.243376006633074,5,0,1,4,3,0,1,18,2,4,2,2,57,2000-08-01
41,8.2,23,8.49470423263812,1,4,4,1,1,1,2,1,2,6,14,3,58,2000-08-08
87,17.4,13,4.841487374764082,3,2,2,3,0,2,3,6,5,1,1,3,59,2000-08-15
104,20.8,10,3.7629775444453557,2,3,0,5,2,2,2,1,5,1,3,2,60,2000-08-22
115,23.0,21,7.5099933422074345,3,2,1,4,2,2,2,14,1,5,1,3,61,2000-08-29
74,14.8,24,8.109253973085318,4,1,3,2,4,0,1,5,3,4,12,3,62,2000-09-05
64,12.8,25,10.186265262597475,2,3,3,2,2,1,2,2,1,16,6,2,63,2000-09-12
61,12.2,18,5.912698199637793,3,2,4,1,3,2,3,5,1,1,11,3,64,2000-09-19
67,13.4,15,5.748043145279966,3,2,3,2,2,2,3,1,1,7,6,3,65,2000-09-26
60,12.0,15,5.89915248150105,2,3,3,2,2,1,2,1,6,5,3,3,66,2000-10-03
58,11.6,23,8.452218643646177,2,3,4,1,1,1,2,1,3,6,13,3,67,2000-10-10
78,15.6,19,8.309031231136395,2,3,2,3,1,2,2,1,15,1,2,2,68,2000-10-17
73,14.6,25,10.05186549850325,3,2,3,2,2,1,2,1,3,14,7,3,69,2000-10-24
51,10.2,20,7.547184905645283,5,0,3,2,3,0,1,4,2,10,4,3,70,2000-10-31
98,19.6,19,6.2801273872430325,2,3,1,4,2,1,2,6,1,4,8,3,71,2000-11-07
100,20.0,22,9.20869154657707,0,5,2,3,0,0,1,2,14,4,2,4,72,2000-11-14
74,14.8,26,10.92520022699813,0,5,3,2,0,0,1,2,2,18,4,3,73,2000-11-21
76,15.2,24,9.173875952943773,0,5,2,3,0,0,1,2,10,6,6,3,74,2000-11-28
83,16.6,22,7.116178749862878,3,2,2,3,3,1,2,7,2,1,12,3,75,2000-12-05
69,13.8,17,5.635601121442148,3,2,3,2,3,0,1,5,2,3,7,3,76,2000-12-12
63,12.6,24,9.789790600416334,1,4,3,2,2,1,2,1,7,12,4,3,77,2000-12-19
76,15.2,18,6.734983296193095,2,3,2,3,2,1,2,7,8,1,2,3,78,2000-12-26
87,17.4,28,9.911609354691095,1,4,2,3,2,0,1,11,3,10,4,4,79,2001-01-09
70,14.0,15,5.403702434442518,2,3,3,2,2,0,1,3,3,5,4,3,80,2001-01-16
59,11.8,24,8.182909018191513,3,2,3,2,1,0,1,6,3,6,9,3,81,2001-01-23
72,14.4,29,12.026637102698325,4,1,3,2,2,0,1,2,8,16,3,4,82,2001-01-30
67,13.4,25,9.645724441429996,3,2,3,2,2,0,1,5,5,12,3,3,83,2001-02-06
106,21.2,30,11.668761716651858,4,1,2,3,2,2,3,14,14,1,1,4,84,2001-02-13
83,16.6,20,7.227724399837061,3,2,3,2,2,0,1,2,3,6,9,3,85,2001-02-20
67,13.4,22,7.939773296511683,1,4,3,2,2,0,1,6,5,7,4,3,86,2001-02-27
68,13.6,26,10.031948963187562,4,1,3,2,2,0,1,4,7,11,4,3,87,2001-03-06
106,21.2,26,9.325234581499814,2,3,1,4,1,1,2,15,7,1,3,4,88,2001-03-13
92,18.4,24,10.26839812239475,4,1,2,3,3,0,1,2,17,3,2,2,89,2001-03-20
80,16.0,21,7.293833011524188,2,3,3,2,0,0,1,6,2,7,6,3,90,2001-03-27
72,14.4,14,5.314132102234569,2,3,3,2,0,1,2,1,6,3,4,3,91,2001-04-03
68,13.6,28,10.892199043352083,2,3,3,2,3,1,2,1,8,11,8,4,92,2001-04-10
101,20.2,16,6.241794613730894,3,2,2,3,1,1,2,4,7,4,1,2,93,2001-04-17
110,22.0,13,4.774934554525329,2,3,0,5,2,1,2,3,1,6,3,2,94,2001-04-24
55,11.0,27,10.099504938362077,3,2,4,1,3,2,2,1,2,1,23,2,95,2001-05-01
53,10.6,26,9.221713506718803,3,2,4,1,1,1,2,4,1,8,13,3,96,2001-05-08
74,14.8,16,5.5641710972974225,2,3,3,2,1,0,1,6,3,4,3,3,97,2001-05-15
43,8.6,19,6.887670143089026,3,2,4,1,2,1,2,1,7,2,9,3,98,2001-05-22
48,9.6,12,4.2708313008125245,4,1,5,0,3,0,1,4,3,3,2,2,99,2001-05-29
93,18.6,20,7.172168430816443,3,2,2,3,3,2,2,1,7,1,11,3,100,2001-06-05
62,12.4,24,7.761443164772902,2,3,4,1,3,1,2,8,1,2,13,3,101,2001-06-12
79,15.8,23,9.019977827023745,3,2,3,2,2,1,2,5,1,14,3,3,102,2001-06-19
93,18.6,20,6.945502141674135,3,2,2,3,2,0,1,3,6,2,9,3,103,2001-06-26
65,13.0,27,10.677078252031311,3,2,3,2,2,1,2,1,3,14,9,3,104,2001-07-03
79,15.8,21,7.413501197140255,3,2,3,2,1,0,1,5,3,7,6,3,105,2001-07-10
49,9.8,15,5.344155686354955,3,2,4,1,3,1,2,2,6,1,6,2,106,2001-07-17
77,15.4,23,9.414881836751857,1,4,3,2,0,1,2,4,4,14,1,3,107,2001-07-24
92,18.4,23,9.090654541890808,2,3,2,3,1,0,1,4,10,7,2,3,108,2001-07-31
64,12.8,19,7.547184905645283,4,1,3,2,3,0,1,2,10,4,3,3,109,2001-08-07
72,14.4,24,8.97997772825746,4,1,3,2,3,0,1,4,6,9,5,3,110,2001-08-14
111,22.2,21,7.249827584156743,3,2,1,4,2,0,1,9,5,3,4,3,111,2001-08-21
80,16.0,22,9.20869154657707,4,1,3,2,2,1,2,2,8,11,1,3,112,2001-08-28
53,10.6,27,10.190191362285598,1,4,3,2,1,1,2,1,4,10,12,3,113,2001-09-04
32,6.4,8,2.65329983228432,4,1,5,0,4,2,3,2,1,1,4,2,114,2001-09-11
115,23.0,21,8.740709353364863,3,2,2,3,2,2,3,5,14,1,1,3,115,2001-09-18
63,12.6,21,7.49933330370107,3,2,3,2,4,0,1,5,6,5,5,3,116,2001-09-25
75,15.0,19,7.3484692283495345,3,2,3,2,3,2,2,6,1,11,1,3,117,2001-10-02
61,12.2,21,8.352245207128439,1,4,3,2,2,0,1,2,8,8,3,3,118,2001-10-09
110,22.0,18,7.563068160475615,2,3,2,3,1,1,2,2,11,4,1,3,119,2001-10-16
79,15.8,19,6.462197768561405,1,4,3,2,0,0,1,4,2,4,9,3,120,2001-10-23
94,18.8,25,8.328265125462805,2,3,1,4,2,1,2,12,1,6,6,4,121,2001-10-30
87,17.4,27,10.892199043352083,3,2,2,3,1,1,2,7,15,4,1,2,122,2001-11-06
40,8.0,14,5.215361924162119,4,1,5,0,2,1,2,4,1,7,2,2,123,2001-11-13
75,15.0,22,8.099382692526634,5,0,2,3,4,0,1,2,10,2,8,3,124,2001-11-20
101,20.2,27,9.579144011862438,3,2,1,4,2,1,2,19,1,5,2,2,125,2001-11-27
88,17.6,18,6.151422599691879,2,3,1,4,1,0,1,9,2,4,3,3,126,2001-12-04
95,19.0,23,9.654014708917737,3,2,2,3,2,1,2,1,9,11,2,4,127,2001-12-11
82,16.4,24,9.89141041510259,2,3,2,3,1,0,1,3,16,2,3,2,128,2001-12-18
90,18.0,28,9.777525249264253,2,3,2,3,2,0,1,11,7,5,5,4,129,2001-12-25
61,12.2,23,8.565045242145544,3,2,3,2,3,1,2,1,7,6,9,3,130,2002-01-08
61,12.2,20,7.025667228100119,3,2,3,2,0,0,1,8,3,6,3,3,131,2002-01-15
80,16.0,17,5.727128425310541,4,1,2,3,4,0,1,6,4,2,5,3,132,2002-01-22
71,14.2,27,9.620810776644555,3,2,3,2,3,0,1,3,4,7,13,3,133,2002-01-29
56,11.2,14,5.706137047074843,2,3,3,2,2,1,2,1,8,3,2,2,134,2002-02-05
52,10.4,20,7.002856560004639,2,3,4,1,1,2,3,3,1,1,15,2,135,2002-02-12
76,15.2,23,7.678541528180987,2,3,3,2,2,0,1,6,3,4,10,3,136,2002-02-19
91,18.2,25,8.795453370918409,3,2,2,3,1,0,1,12,5,5,3,3,137,2002-02-26
87,17.4,30,12.690153663372245,3,2,2,3,1,1,2,3,17,9,1,3,138,2002-03-05
105,21.0,14,5.291502622129181,1,4,1,4,1,0,1,3,3,6,2,2,139,2002-03-12
83,16.6,21,7.709734106958553,3,2,2,3,2,1,2,1,8,3,9,3,140,2002-03-19
63,12.6,20,7.939773296511683,1,4,3,2,0,0,1,2,3,11,4,2,141,2002-03-26
100,20.0,20,8.024961059095553,2,3,2,3,1,2,2,1,13,1,5,3,142,2002-04-02
104,20.8,9,3.3105890714493698,2,3,0,5,2,1,2,1,2,3,3,2,143,2002-04-09
78,15.6,24,7.863841300535,2,3,3,2,2,1,2,9,1,5,9,3,144,2002-04-16
98,19.6,15,5.748043145279966,2,3,2,3,2,1,2,1,5,5,4,2,145,2002-04-23
48,9.6,17,5.748043145279966,2,3,4,1,1,1,2,5,5,1,6,2,146,2002-04-30
91,18.2,23,9.19565114605812,3,2,2,3,1,1,2,5,11,6,1,3,147,2002-05-07
85,17.0,29,11.009087155618309,3,2,2,3,4,0,1,5,12,7,5,4,148,2002-05-14
83,16.6,23,9.850888284819801,3,2,2,3,2,2,2,1,11,10,1,3,149,2002-05-21
79,15.8,24,8.772684879784522,1,4,2,3,2,0,1,9,5,8,2,3,150,2002-05-28
60,12.0,15,4.9396356140913875,2,3,4,1,2,1,2,6,3,1,5,2,151,2002-06-04
66,13.2,29,11.303096920755832,2,3,3,2,2,1,2,1,9,11,8,4,152,2002-06-11
65,13.0,27,10.972693379476162,3,2,3,2,4,1,2,1,5,15,6,2,153,2002-06-18
69,13.8,20,7.110555533852471,1,4,2,3,2,0,1,8,6,3,3,3,154,2002-06-25
79,15.8,14,5.635601121442148,3,2,2,3,1,1,2,1,6,5,2,3,155,2002-07-02
68,13.6,29,10.762899237658969,4,1,3,2,5,1,2,1,10,6,12,3,156,2002-07-09
58,11.6,19,7.391887445030531,2,3,3,2,1,0,1,4,9,4,2,3,157,2002-07-16
84,16.8,28,9.064215354899728,2,3,2,3,2,0,1,11,2,4,11,4,158,2002-07-23
81,16.2,17,6.615134163416491,3,2,2,3,3,1,2,4,5,7,1,3,159,2002-07-30
112,22.4,27,9.728309205612248,2,3,1,4,2,2,2,19,1,6,1,3,160,2002-08-06
45,9.0,17,7.402702209328699,3,2,3,2,4,2,3,1,1,13,2,2,161,2002-08-13
91,18.2,25,8.423775875461075,3,2,2,3,3,0,1,8,3,6,8,4,162,2002-08-20
70,14.0,27,8.648699324175862,2,3,3,2,1,1,2,11,1,3,12,3,163,2002-08-27
88,17.6,23,9.09065454189081,2,3,2,3,1,0,1,2,7,10,4,4,164,2002-09-03
100,20.0,17,6.54217089351845,2,3,1,4,0,2,3,7,8,1,1,3,165,2002-09-10
94,18.8,20,7.30479294709987,2,3,2,3,1,0,1,5,8,3,4,3,166,2002-09-17
101,20.2,15,5.344155686354955,3,2,1,4,2,2,2,8,1,5,1,2,167,2002-09-24
67,13.4,28,9.457272334029511,1,4,3,2,2,0,1,6,3,5,14,3,168,2002-10-01
97,19.4,23,7.964923100695952,3,2,2,3,1,0,1,7,3,7,6,4,169,2002-10-08
65,13.0,20,7.58946638440411,1,4,3,2,2,0,1,5,7,6,2,3,170,2002-10-15
60,12.0,29,10.059821071967434,2,3,4,1,2,0,1,4,3,3,19,3,171,2002-10-22
68,13.6,27,10.131140113531153,2,3,3,2,0,0,1,3,10,7,7,3,172,2002-10-29
100,20.0,18,5.830951894845301,2,3,1,4,2,0,1,7,2,2,7,2,173,2002-11-05
55,11.0,21,8.87693640846886,3,2,3,2,1,1,2,2,5,13,1,2,174,2002-11-12
80,16.0,16,5.549774770204643,2,3,2,3,2,0,1,4,5,2,5,3,175,2002-11-19
106,21.2,18,6.99714227381436,0,5,2,3,0,0,1,2,10,2,4,3,176,2002-11-26
88,17.6,23,7.735631842325487,4,1,2,3,3,0,1,6,4,4,9,4,177,2002-12-03
112,22.4,28,9.971960689854328,2,3,1,4,2,0,1,21,2,2,3,3,178,2002-12-10
95,19.0,30,12.505998560690786,3,2,2,3,2,1,2,6,19,4,1,3,179,2002-12-17
103,20.6,11,3.9293765408777004,3,2,0,5,2,2,3,1,1,2,7,2,180,2002-12-24
60,12.0,25,9.143303560529969,2,3,3,2,1,0,1,2,11,2,10,3,181,2003-01-07
73,14.6,22,8.2365041127896,1,4,3,2,2,1,2,8,4,9,1,3,182,2003-01-14
76,15.2,23,8.997777503361593,4,1,3,2,2,1,2,6,4,12,1,3,183,2003-01-21
96,19.2,29,11.408768557561329,2,3,2,3,3,1,2,8,13,7,1,4,184,2003-01-28
99,19.8,21,7.19444229944198,3,2,1,4,2,1,2,12,1,5,3,3,185,2003-02-04
86,17.2,17,6.241794613730893,2,3,2,3,0,1,2,4,8,1,4,3,186,2003-02-11
76,15.2,21,8.795453370918409,2,3,2,3,1,1,2,2,11,7,1,3,187,2003-02-18
100,20.0,21,7.615773105863909,2,3,1,4,1,1,2,9,8,1,3,3,188,2003-02-25
98,19.6,17,6.343500610861483,2,3,1,4,0,1,2,7,6,3,1,3,189,2003-03-04
86,17.2,25,10.703270528207721,4,1,2,3,2,1,2,1,16,6,2,2,190,2003-03-11
40,8.0,12,4.33589667773576,2,3,5,0,1,1,2,5,2,4,1,2,191,2003-03-18
51,10.2,11,3.867815921162743,3,2,4,1,3,2,2,1,3,1,6,2,192,2003-03-25
74,14.8,16,6.523802572120037,0,5,2,3,0,0,1,2,10,2,2,3,193,2003-04-01
64,12.8,20,7.332121111929345,4,1,3,2,3,0,1,3,9,2,6,3,194,2003-04-08
47,9.4,22,8.404760555780276,3,2,4,1,2,1,2,1,4,9,8,3,195,2003-04-15
63,12.6,20,8.333066662399863,1,4,3,2,1,1,2,2,10,7,1,3,196,2003-04-22
98,19.6,23,7.3375745311376575,2,3,1,4,1,1,2,10,2,1,10,4,197,2003-04-29
107,21.4,15,5.083306010855534,3,2,1,4,1,1,2,7,1,4,3,2,198,2003-05-06
86,17.2,28,10.590561835898981,4,1,2,3,1,0,1,8,12,5,3,2,199,2003-05-13
48,9.6,17,6.216108107168021,2,3,4,1,1,1,2,3,8,1,5,2,200,2003-05-20
82,16.4,23,10.190191362285598,4,1,2,3,3,1,2,2,18,2,1,2,201,2003-05-27
76,15.2,25,8.795453370918407,2,3,3,2,2,1,2,4,1,7,13,3,202,2003-06-03
79,15.8,21,7.756287771866127,1,4,2,3,0,0,1,6,8,4,3,3,203,2003-06-10
100,20.0,22,7.402702209328699,2,3,1,4,2,0,1,11,4,2,5,3,204,2003-06-17
57,11.4,20,7.3375745311376575,3,2,4,1,3,2,2,1,9,1,9,3,205,2003-06-24
84,16.8,25,10.225458424931373,2,3,3,2,1,0,1,2,4,15,4,4,206,2003-07-01
58,11.6,22,8.16333265278342,2,3,3,2,1,1,2,1,6,6,9,3,207,2003-07-08
62,12.4,11,4.029888335921977,2,3,3,2,2,1,2,4,3,3,1,2,208,2003-07-15
103,20.6,22,7.939773296511683,5,0,1,4,4,0,1,10,6,4,2,3,209,2003-07-22
85,17.0,20,7.238784428341543,3,2,2,3,2,2,2,1,8,1,10,3,210,2003-07-29
72,14.4,13,4.923413450036469,2,3,3,2,1,1,2,1,3,5,4,3,211,2003-08-05
60,12.0,29,10.019980039900279,2,3,4,1,1,0,1,4,5,4,16,3,212,2003-08-12
44,8.8,28,10.476640682967036,4,1,4,1,3,2,3,1,1,6,20,2,213,2003-08-19
72,14.4,26,8.890444308357148,0,5,2,3,1,0,1,6,8,2,10,3,214,2003-08-26
88,17.6,24,7.964923100695952,2,3,2,3,0,1,2,11,5,1,7,3,215,2003-09-02
56,11.2,14,5.3814496188294845,4,1,3,2,4,1,2,4,6,3,1,2,216,2003-09-09
69,13.8,21,7.678541528180986,3,2,2,3,4,0,1,6,9,2,4,3,217,2003-09-16
103,20.6,20,7.172168430816444,3,2,1,4,1,1,2,7,8,1,4,3,218,2003-09-23
82,16.4,27,8.890444308357148,4,1,2,3,1,0,1,14,2,4,7,3,219,2003-09-30
80,16.0,20,7.797435475847171,4,1,3,2,2,2,3,1,1,10,8,3,220,2003-10-07
74,14.8,22,8.255906976220118,0,5,3,2,0,0,1,4,6,8,4,3,221,2003-10-14
103,20.6,18,6.374950980203691,1,4,1,4,0,0,1,8,3,5,2,2,222,2003-10-21
71,14.2,18,6.4621977685614045,1,4,2,3,1,0,1,6,6,3,3,3,223,2003-10-28
116,23.2,19,7.730459236035076,2,3,1,4,1,1,2,4,11,3,1,3,224,2003-11-04
95,19.0,13,5.215361924162119,1,4,2,3,1,1,2,1,4,6,2,2,225,2003-11-11
86,17.2,26,9.516301802696255,0,5,3,2,0,0,1,8,2,12,4,4,226,2003-11-18
64,12.8,28,10.870142593360953,2,3,3,2,2,0,1,2,3,14,9,3,227,2003-11-25
99,19.8,17,5.912698199637793,3,2,1,4,1,0,1,7,4,3,3,2,228,2003-12-02
108,21.6,18,5.9531504264548865,2,3,1,4,2,1,2,7,4,1,6,3,229,2003-12-09
88,17.6,22,7.914543574963752,2,3,1,4,1,2,2,12,1,8,1,3,230,2003-12-16
52,10.4,21,7.49933330370107,2,3,4,1,2,2,2,1,6,1,13,3,231,2003-12-23
85,17.0,23,8.48528137423857,1,4,2,3,1,0,1,9,8,4,2,3,232,2003-12-30
91,18.2,21,7.025667228100119,3,2,2,3,2,0,1,6,5,2,8,3,233,2004-01-06
105,21.0,10,3.5777087639996634,1,4,0,5,1,1,2,2,4,1,3,2,234,2004-01-13
75,15.0,26,9.402127418834526,3,2,2,3,3,2,2,1,10,1,14,3,235,2004-01-20
107,21.4,15,5.314132102234569,3,2,1,4,3,1,2,3,6,1,5,2,236,2004-01-27
77,15.4,22,7.889233169326408,1,4,2,3,1,1,2,2,9,1,10,3,237,2004-02-03
92,18.4,12,4.454211490264017,4,1,2,3,2,0,1,2,2,5,3,2,238,2004-02-10
105,21.0,11,3.847076812334269,3,2,0,5,1,0,1,2,3,2,4,2,239,2004-02-17
79,15.8,27,11.070682002478437,1,4,3,2,2,1,2,4,8,14,1,3,240,2004-02-24
46,9.2,25,9.410632284814872,2,3,4,1,2,1,2,1,2,9,13,3,241,2004-03-02
98,19.6,26,9.666436778875658,4,1,2,3,3,0,1,7,11,4,4,4,242,2004-03-09
85,17.0,24,9.273618495495704,3,2,3,2,1,1,2,7,4,12,1,3,243,2004-03-16
85,17.0,19,7.238784428341543,3,2,2,3,1,1,2,5,10,1,3,3,244,2004-03-23
74,14.8,27,9.239047569960878,2,3,3,2,0,0,1,9,4,7,7,3,245,2004-03-30
71,14.2,22,7.626270385975047,3,2,3,2,1,0,1,11,3,5,3,3,246,2004-04-06
95,19.0,24,9.121403400793104,5,0,2,3,4,0,1,4,8,8,4,4,247,2004-04-13
86,17.2,25,8.704022058795577,2,3,2,3,2,0,1,9,3,8,5,3,248,2004-04-20
70,14.0,11,4.242640687119285,2,3,3,2,1,1,2,2,1,6,2,3,249,2004-04-27
58,11.6,30,10.613199329137279,4,1,4,1,3,1,2,2,8,1,19,3,250,2004-05-04
66,13.2,22,9.260669522232181,4,1,2,3,3,1,2,2,16,1,3,3,251,2004-05-11
112,22.4,19,6.711184694225007,2,3,1,4,1,0,1,6,6,3,4,3,252,2004-05-18
60,12.0,24,9.549869109050658,4,1,3,2,1,0,1,2,7,11,4,3,253,2004-05-25
86,17.2,26,10.283968105745952,4,1,2,3,3,0,1,4,15,3,4,2,254,2004-06-01
105,21.0,17,6.29285308902091,3,2,1,4,2,0,1,5,3,7,2,2,255,2004-06-08
72,14.4,22,7.472616676907761,4,1,3,2,1,1,2,4,6,1,11,3,256,2004-06-15
74,14.8,29,9.947864092356712,2,3,3,2,2,0,1,7,3,8,11,4,257,2004-06-22
60,12.0,18,7.183313998427188,2,3,3,2,1,0,1,2,3,10,3,3,258,2004-06-29
58,11.6,18,6.248199740725323,4,1,4,1,4,1,2,2,4,1,11,3,259,2004-07-06
72,14.4,17,6.740919818541086,4,1,2,3,4,1,2,1,10,2,4,3,260,2004-07-13
53,10.6,27,10.131140113531151,3,2,4,1,4,1,2,1,2,9,15,3,261,2004-07-20
102,20.4,23,8.333066662399863,4,1,1,4,3,1,2,14,4,4,1,3,262,2004-07-27
129,25.8,16,5.775811631277461,3,2,1,4,1,1,2,10,3,2,1,3,263,2004-08-03
68,13.6,28,11.568923891183656,2,3,3,2,2,0,1,2,3,18,5,3,264,2004-08-10
82,16.4,27,11.842297074469968,2,3,2,3,1,0,1,2,21,2,2,2,265,2004-08-17
95,19.0,28,11.29601699715435,3,2,2,3,2,0,1,5,17,3,3,3,266,2004-08-24
81,16.2,17,5.635601121442148,3,2,3,2,1,1,2,6,1,4,6,3,267,2004-08-31
113,22.6,14,5.4626001134990645,3,2,0,5,2,1,2,1,2,7,4,3,268,2004-09-07
82,16.4,26,9.830564581955606,4,1,2,3,4,0,1,4,13,3,6,2,269,2004-09-14
63,12.6,10,3.6110940170535577,3,2,4,1,2,2,3,1,1,3,5,2,270,2004-09-21
89,17.8,25,8.749857141690944,3,2,3,2,2,0,1,7,2,9,7,4,271,2004-09-28
98,19.6,25,9.134549797335389,2,3,1,4,1,1,2,12,5,7,1,3,272,2004-10-05
43,8.6,14,4.963869458396343,5,0,4,1,5,0,1,2,2,4,6,2,273,2004-10-12
65,13.0,18,6.782329983125268,3,2,3,2,1,2,3,1,1,7,9,3,274,2004-10-19
87,17.4,11,3.9293765408777,3,2,1,4,2,2,2,5,1,4,1,2,275,2004-10-26
90,18.0,11,3.7416573867739413,2,3,1,4,2,1,2,4,3,1,3,2,276,2004-11-02
75,15.0,18,6.131883886702357,1,4,2,3,1,0,1,10,2,3,3,3,277,2004-11-09
71,14.2,16,5.30659966456864,1,4,4,1,1,2,3,4,1,1,10,3,278,2004-11-16
76,15.2,23,9.086253353280437,4,1,2,3,4,0,1,5,12,4,2,3,279,2004-11-23
60,12.0,15,5.138093031466052,4,1,4,1,2,0,1,5,4,2,4,2,280,2004-11-30
57,11.4,16,5.571355310873647,5,0,4,1,4,0,1,2,4,2,8,3,281,2004-12-07
77,15.4,28,11.943198901466893,3,2,2,3,2,1,2,1,16,9,2,3,282,2004-12-14
94,18.8,18,6.013318551349164,4,1,2,3,3,1,2,4,4,1,9,2,283,2004-12-21
43,8.6,17,5.748043145279966,3,2,4,1,2,0,1,4,3,3,7,2,284,2004-12-28
94,18.8,18,6.305553108173779,2,3,1,4,2,0,1,9,2,5,2,3,285,2005-01-04
101,20.2,16,5.74108003776293,1,4,2,3,0,1,2,1,5,2,8,3,286,2005-01-11
63,12.6,19,7.172168430816444,3,2,3,2,3,0,1,5,7,5,2,3,287,2005-01-18
103,20.6,25,9.09065454189081,3,2,1,4,2,0,1,10,5,8,2,4,288,2005-01-25
74,14.8,23,9.453041838477178,2,3,3,2,2,1,2,1,5,13,4,3,289,2005-02-01
75,15.0,27,9.979979959899719,3,2,3,2,3,0,1,5,3,12,7,4,290,2005-02-08
82,16.4,22,8.73155198117723,2,3,2,3,1,0,1,4,13,2,3,2,291,2005-02-15
78,15.6,29,10.87382177525455,4,1,3,2,4,0,1,5,6,12,6,4,292,2005-02-22
94,18.8,11,4.707440918375928,2,3,2,3,0,3,3,1,1,8,1,2,293,2005-03-01
123,24.6,17,5.9531504264548865,3,2,1,4,3,0,1,9,3,3,2,3,294,2005-03-08
81,16.2,18,5.81033561853358,1,4,2,3,1,1,2,6,2,1,9,3,295,2005-03-15
93,18.6,21,7.3647810558087885,1,4,2,3,1,0,1,6,4,6,5,3,296,2005-03-22
87,17.4,25,9.393614852653903,3,2,2,3,1,0,1,4,9,7,5,4,297,2005-03-29
67,13.4,14,4.882622246293481,1,4,4,1,0,0,1,2,2,3,7,3,298,2005-04-05
83,16.6,29,10.669582934679312,3,2,3,2,2,0,1,7,6,11,5,4,299,2005-04-12
89,17.8,18,6.462197768561405,1,4,2,3,1,0,1,3,3,6,6,2,300,2005-04-19
89,17.8,26,9.537295214053092,3,2,2,3,3,0,1,6,5,10,5,4,301,2005-04-26
56,11.2,14,5.192301994298868,2,3,4,1,1,1,2,1,2,5,6,3,302,2005-05-03
87,17.4,12,4.31740662898458,3,2,2,3,2,1,2,1,2,3,6,2,303,2005-05-10
58,11.6,17,5.535341001239218,2,3,4,1,2,1,2,7,1,3,6,3,304,2005-05-17
74,14.8,14,5.035871324805669,2,3,3,2,2,1,2,1,2,3,8,2,305,2005-05-24
115,23.0,14,4.69041575982343,3,2,0,5,3,1,2,3,3,1,7,3,306,2005-05-31
76,15.2,26,8.930845424706442,2,3,3,2,1,0,1,8,5,6,7,3,307,2005-06-07
80,16.0,26,8.854377448471462,4,1,2,3,2,0,1,12,4,5,5,3,308,2005-06-14
84,16.8,15,5.491812087098393,2,3,2,3,2,1,2,6,3,5,1,3,309,2005-06-21
86,17.2,19,6.968500556073738,2,3,2,3,1,1,2,8,3,7,1,3,310,2005-06-28
95,19.0,27,9.736529155710468,3,2,1,4,4,1,2,15,2,9,1,3,311,2005-07-05
75,15.0,14,4.9396356140913875,3,2,2,3,2,1,2,5,5,1,3,3,312,2005-07-12
92,18.4,30,12.026637102698327,4,1,2,3,2,1,2,6,19,1,4,3,313,2005-07-19
63,12.6,18,6.916646586316233,1,4,2,3,2,0,1,5,9,2,2,3,314,2005-07-26
92,18.4,24,9.457272334029511,4,1,3,2,3,0,1,4,4,13,3,4,315,2005-08-02
136,27.2,6,2.315167380558045,2,3,0,5,1,3,3,1,3,1,1,2,316,2005-08-09
74,14.8,15,6.368673331236264,2,3,3,2,2,2,2,2,1,11,1,3,317,2005-08-16
107,21.4,22,8.212186067059124,3,2,1,4,2,2,2,9,1,11,1,3,318,2005-08-23
93,18.6,24,8.16333265278342,3,2,1,4,1,2,3,17,1,1,5,2,319,2005-08-30
84,16.8,24,10.264501936285072,2,3,3,2,2,1,2,1,6,15,2,4,320,2005-09-06
79,15.8,25,8.611620056644394,3,2,2,3,2,0,1,9,7,3,6,3,321,2005-09-13
82,16.4,26,10.85541339608953,2,3,3,2,2,0,1,3,2,18,3,4,322,2005-09-20
88,17.6,22,7.418894796396564,4,1,2,3,2,0,1,10,4,3,5,3,323,2005-09-27
83,16.6,25,10.892199043352083,3,2,3,2,3,2,2,1,7,16,1,4,324,2005-10-04
75,15.0,20,6.899275324264136,3,2,4,1,2,0,1,3,2,2,13,3,325,2005-10-11
46,9.2,24,8.588364221433556,4,1,4,1,2,0,1,2,3,5,14,3,326,2005-10-18
94,18.8,20,7.249827584156742,2,3,2,3,1,0,1,6,5,6,3,3,327,2005-10-25
44,8.8,17,6.43117407632541,2,3,4,1,2,2,2,1,9,1,6,2,328,2005-11-01
80,16.0,24,7.694153624668538,4,1,3,2,3,1,2,9,1,2,12,3,329,2005-11-08
74,14.8,21,6.99714227381436,4,1,3,2,3,0,1,10,2,4,5,3,330,2005-11-15
105,21.0,24,8.648699324175862,3,2,1,4,2,1,2,13,2,8,1,4,331,2005-11-22
94,18.8,25,10.303397497913005,2,3,2,3,1,1,2,5,15,4,1,2,332,2005-11-29
116,23.2,9,3.3105890714493698,2,3,0,5,1,1,2,2,1,4,2,2,333,2005-12-06
89,17.8,18,7.025667228100119,3,2,2,3,2,1,2,5,10,1,2,3,334,2005-12-13
109,21.8,17,6.177378084592201,3,2,1,4,2,0,1,2,7,2,6,3,335,2005-12-20
99,19.8,18,7.05407683541936,1,4,2,3,0,1,2,4,6,7,1,2,336,2005-12-27
77,15.4,19,8.16333265278342,3,2,2,3,2,2,3,3,14,1,1,2,337,2006-01-10
71,14.2,26,10.322790320451151,5,0,2,3,2,0,1,2,16,2,6,3,338,2006-01-17
62,12.4,19,6.374950980203691,4,1,4,1,2,0,1,5,2,4,8,3,339,2006-01-24
90,18.0,15,5.549774770204643,2,3,2,3,1,0,1,4,4,5,2,2,340,2006-01-31
68,13.6,24,8.867919710958146,2,3,2,3,3,1,2,3,12,1,8,3,341,2006-02-07
93,18.6,25,9.264987857520376,3,2,2,3,1,1,2,13,9,1,2,3,342,2006-02-14
88,17.6,24,9.393614852653903,2,3,3,2,0,0,1,4,5,12,3,4,343,2006-02-21
70,14.0,19,7.155417527999327,4,1,3,2,2,0,1,5,4,8,2,3,344,2006-02-28
83,16.6,22,7.116178749862878,3,2,2,3,3,1,2,7,2,1,12,3,345,2006-03-07
93,18.6,27,9.414881836751857,1,4,2,3,1,0,1,10,4,8,5,4,346,2006-03-14
91,18.2,17,6.675327707311455,3,2,2,3,2,1,2,1,9,3,4,2,347,2006-03-21
58,11.6,10,3.4985711369071804,2,3,4,1,1,2,2,1,2,1,6,2,348,2006-03-28
33,6.6,9,3.006659275674582,3,2,5,0,3,2,3,2,1,1,5,2,349,2006-04-04
86,17.2,25,9.537295214053092,2,3,2,3,1,0,1,6,13,2,4,2,350,2006-04-11
59,11.8,24,8.280096617793781,3,2,4,1,2,1,2,3,5,1,15,3,351,2006-04-18
73,14.6,25,8.867919710958146,3,2,3,2,3,0,1,2,7,3,13,3,352,2006-04-25
72,14.4,22,7.08801805866774,4,1,3,2,3,1,2,10,1,3,8,3,353,2006-05-02
75,15.0,27,9.695359714832659,3,2,2,3,3,0,1,3,11,2,11,3,354,2006-05-09
97,19.4,21,9.046546302318914,3,2,2,3,1,1,2,1,15,3,2,2,355,2006-05-16
75,15.0,16,5.761944116355173,3,2,2,3,3,0,1,5,6,2,3,3,356,2006-05-23
122,24.4,14,5.0039984012787215,2,3,1,4,1,1,2,9,2,2,1,2,357,2006-05-30
93,18.6,27,9.687104830649869,3,2,2,3,2,0,1,9,5,9,4,4,358,2006-06-06
66,13.2,16,5.81033561853358,4,1,3,2,3,1,2,8,4,3,1,2,359,2006-06-13
92,18.4,22,8.685620300243386,2,3,2,3,1,1,2,5,9,7,1,3,360,2006-06-20
54,10.8,28,10.166612021711067,0,5,4,1,1,0,1,2,2,6,18,3,361,2006-06-27
91,18.2,27,8.611620056644394,3,2,1,4,3,1,2,13,2,1,11,4,362,2006-07-04
65,13.0,18,6.131883886702357,1,4,3,2,1,0,1,6,2,5,5,3,363,2006-07-11
70,14.0,18,6.6932802122726045,4,1,3,2,3,0,1,4,4,7,3,3,364,2006-07-18
89,17.8,22,8.818163074019441,1,4,2,3,0,1,2,4,8,9,1,3,365,2006-07-25
76,15.2,28,9.239047569960876,2,3,3,2,3,0,1,9,3,5,11,3,366,2006-08-01
74,14.8,27,9.744742172063868,2,3,3,2,2,0,1,2,8,5,12,3,367,2006-08-08
83,16.6,28,10.96540012949824,3,2,2,3,2,1,2,7,9,11,1,3,368,2006-08-15
96,19.2,26,10.419213022104884,2,3,2,3,2,1,2,6,13,6,1,4,369,2006-08-22
92,18.4,18,7.310266752998826,0,5,2,3,0,0,1,2,4,10,2,2,370,2006-08-29
95,19.0,21,7.615773105863909,3,2,2,3,3,0,1,2,7,4,8,3,371,2006-09-05
83,16.6,29,11.46472851837321,3,2,2,3,1,0,1,4,17,3,5,3,372,2006-09-12
60,12.0,26,9.16515138991168,4,1,4,1,4,1,2,2,6,1,17,3,373,2006-09-19
110,22.0,20,7.797435475847171,4,1,1,4,2,2,3,8,10,1,1,3,374,2006-09-26
78,15.6,23,8.822698000045111,2,3,2,3,1,1,2,9,10,3,1,3,375,2006-10-03
94,18.8,21,7.756287771866127,4,1,2,3,2,0,1,6,8,4,3,3,376,2006-10-10
84,16.8,29,9.744742172063866,2,3,2,3,0,1,2,11,8,1,9,4,377,2006-10-17
74,14.8,18,7.025667228100119,2,3,3,2,0,0,1,2,7,6,3,3,378,2006-10-24
72,14.4,26,8.957678270623477,2,3,3,2,2,0,1,6,7,4,9,3,379,2006-10-31
73,14.6,29,9.520504188329523,3,2,3,2,4,1,2,9,1,5,14,3,380,2006-11-07
76,15.2,20,7.858753081755401,4,1,2,3,3,1,2,6,10,3,1,3,381,2006-11-14
64,12.8,16,5.6000000000000005,4,1,4,1,3,0,1,2,2,3,9,3,382,2006-11-21
68,13.6,27,9.707728879609277,4,1,3,2,3,0,1,3,2,8,14,3,383,2006-11-28
82,16.4,25,9.414881836751857,4,1,3,2,1,0,1,5,6,10,4,3,384,2006-12-05
91,18.2,21,7.493997598078078,1,4,2,3,0,0,1,8,6,4,3,3,385,2006-12-12
39,7.8,22,7.858753081755401,5,0,4,1,4,0,1,2,2,2,16,2,386,2006-12-19
129,25.8,14,5.075431016179809,1,4,0,5,1,2,3,10,2,1,1,3,387,2006-12-26
89,17.8,27,10.457533169921097,3,2,2,3,2,0,1,4,11,8,4,4,388,2007-01-09
89,17.8,22,8.930845424706442,3,2,3,2,2,0,1,3,2,14,3,4,389,2007-01-16
107,21.4,19,7.709734106958553,3,2,2,3,3,1,2,3,9,6,1,3,390,2007-01-23
87,17.4,30,11.60344776348823,3,2,3,2,1,1,2,9,5,15,1,3,391,2007-01-30
86,17.2,27,9.47417542586161,4,1,3,2,2,0,1,10,2,10,5,4,392,2007-02-06
102,20.4,15,5.314132102234569,2,3,1,4,1,1,2,2,1,4,8,3,393,2007-02-13
86,17.2,29,11.668761716651858,4,1,2,3,3,0,1,3,16,6,4,3,394,2007-02-20
103,20.6,25,8.114185110040317,3,2,1,4,2,2,3,15,1,1,8,3,395,2007-02-27
81,16.2,27,10.721940122944167,3,2,2,3,0,0,1,5,15,4,3,2,396,2007-03-06
81,16.2,24,8.657944328765346,3,2,2,3,1,1,2,13,3,7,1,3,397,2007-03-13
110,22.0,21,7.536577472566709,4,1,1,4,2,0,1,7,8,2,4,3,398,2007-03-20
101,20.2,24,8.908422980528034,5,0,2,3,4,0,1,6,10,4,4,4,399,2007-03-27
103,20.6,13,4.63033476111609,1,4,1,4,0,1,2,8,2,2,1,2,400,2007-04-03
98,19.6,19,7.337574531137657,2,3,2,3,2,0,1,2,5,8,4,3,401,2007-04-10
103,20.6,17,5.782732917920384,1,4,1,4,0,0,1,10,2,2,3,2,402,2007-04-17
84,16.8,29,12.12270596855339,2,3,2,3,3,1,2,3,11,14,1,3,403,2007-04-24
74,14.8,27,10.49571341072154,2,3,3,2,1,0,1,7,3,15,2,3,404,2007-05-01
88,17.6,23,9.54148835350125,4,1,3,2,2,1,2,1,4,14,4,4,405,2007-05-08
94,18.8,24,9.086253353280437,4,1,2,3,4,1,2,8,6,9,1,3,406,2007-05-15
94,18.8,26,8.588364221433556,4,1,2,3,2,1,2,10,6,1,9,4,407,2007-05-22
97,19.4,23,8.616263691415206,1,4,2,3,1,0,1,5,10,4,4,4,408,2007-05-29
87,17.4,26,9.850888284819801,3,2,2,3,3,1,2,9,8,8,1,3,409,2007-06-05
83,16.6,28,9.520504188329523,3,2,2,3,3,1,2,7,9,1,11,4,410,2007-06-12
66,13.2,17,6.43117407632541,2,3,3,2,2,0,1,3,4,7,3,3,411,2007-06-19
44,8.8,22,7.547184905645283,4,1,4,1,2,1,2,4,1,3,14,2,412,2007-06-26
95,19.0,21,7.293833011524188,3,2,2,3,2,0,1,6,7,2,6,3,413,2007-07-03
69,13.8,22,8.37615663654877,3,2,3,2,2,0,1,2,3,10,7,3,414,2007-07-10
109,21.8,19,7.222188034107115,1,4,1,4,1,0,1,5,8,4,2,3,415,2007-07-17
60,12.0,18,6.48074069840786,2,3,4,1,1,0,1,2,7,2,7,3,416,2007-07-24
71,14.2,21,8.133879763065101,3,2,3,2,2,1,2,6,3,11,1,3,417,2007-07-31
108,21.6,17,6.406246951218787,2,3,1,4,1,0,1,3,6,5,3,3,418,2007-08-07
83,16.6,22,7.4993333037010705,3,2,2,3,2,1,2,7,7,1,7,3,419,2007-08-14
75,15.0,25,9.011104260855047,3,2,3,2,3,0,1,8,3,10,4,3,420,2007-08-21
106,21.2,18,7.35934779718964,2,3,2,3,2,1,2,3,10,4,1,2,421,2007-08-28
85,17.0,17,6.2289646009589745,3,2,3,2,0,0,1,2,3,6,6,2,422,2007-09-04
93,18.6,23,8.039900496896713,1,4,2,3,1,0,1,6,2,8,7,4,423,2007-09-11
57,11.4,28,10.209799214480176,3,2,4,1,3,1,2,1,4,3,20,3,424,2007-09-18
87,17.4,24,9.068627239003707,1,4,2,3,0,0,1,6,10,5,3,3,425,2007-09-25
82,16.4,23,7.683749084919419,4,1,2,3,2,0,1,12,2,4,5,3,426,2007-10-02
88,17.6,17,5.748043145279966,2,3,2,3,1,1,2,5,5,1,6,3,427,2007-10-09
111,22.2,18,6.368673331236264,3,2,1,4,2,0,1,9,4,3,2,2,428,2007-10-16
107,21.4,19,6.56048778674269,1,4,1,4,1,0,1,7,4,4,4,3,429,2007-10-23
65,13.0,18,6.841052550594828,3,2,2,3,2,0,1,4,9,2,3,3,430,2007-10-30
78,15.6,22,8.16333265278342,2,3,3,2,1,1,2,9,2,10,1,3,431,2007-11-06
73,14.6,22,8.114185110040317,3,2,3,2,1,0,1,6,5,8,3,3,432,2007-11-13
77,15.4,26,8.685620300243386,3,2,2,3,1,0,1,11,5,3,7,3,433,2007-11-20
50,10.0,21,6.957010852370434,2,3,4,1,1,1,2,5,4,1,11,3,434,2007-11-27
101,20.2,19,6.675327707311455,3,2,1,4,1,0,1,11,3,3,2,3,435,2007-12-04
78,15.6,17,6.887670143089026,2,3,2,3,1,1,2,1,10,3,3,3,436,2007-12-11
96,19.2,22,8.681013765684282,4,1,3,2,2,0,1,4,2,13,3,4,437,2007-12-18
47,9.4,20,7.391887445030532,3,2,4,1,2,1,2,1,8,3,8,3,438,2007-12-25
90,18.0,13,4.47213595499958,4,1,1,4,3,0,1,7,2,2,2,2,439,2008-01-08
81,16.2,25,8.565045242145544,3,2,3,2,2,1,2,7,1,8,9,4,440,2008-01-15
91,18.2,24,9.88736567544662,1,4,2,3,1,0,1,2,11,9,2,4,441,2008-01-22
86,17.2,25,9.453041838477178,2,3,2,3,2,0,1,3,11,5,6,4,442,2008-01-29
97,19.4,25,8.309031231136395,3,2,1,4,3,1,2,12,5,1,7,4,443,2008-02-05
90,18.0,30,11.419281938896159,4,1,2,3,3,1,2,10,6,13,1,3,444,2008-02-12
98,19.6,24,8.309031231136396,2,3,1,4,2,0,1,9,2,8,5,4,445,2008-02-19
69,13.8,7,2.7856776554368237,3,2,3,2,2,3,3,1,4,1,1,1,446,2008-02-26
102,20.4,12,4.586937976471886,2,3,1,4,1,1,2,3,3,5,1,2,447,2008-03-04
55,11.0,17,6.356099432828281,3,2,3,2,2,1,2,6,5,5,1,2,448,2008-03-11
56,11.2,13,4.621688003316537,2,3,4,1,2,2,2,1,2,1,9,3,449,2008-03-18
55,11.0,25,8.78635305459552,3,2,4,1,3,0,1,3,3,5,14,3,450,2008-03-25
52,10.4,13,4.758150901348127,2,3,4,1,2,0,1,4,5,2,2,2,451,2008-04-01
78,15.6,28,9.068627239003707,0,5,2,3,1,0,1,10,4,2,12,3,452,2008-04-08
67,13.4,23,8.114185110040317,3,2,3,2,2,0,1,3,5,5,10,3,453,2008-04-15
64,12.8,22,8.423775875461075,2,3,3,2,3,0,1,3,8,7,4,3,454,2008-04-22
77,15.4,25,9.200000000000001,1,4,2,3,0,0,1,9,6,8,2,3,455,2008-04-29
60,12.0,14,5.215361924162119,0,5,3,2,0,0,1,2,2,6,4,3,456,2008-05-06
85,17.0,26,8.62554346113913,1,4,1,4,2,1,2,14,1,5,6,3,457,2008-05-13
84,16.8,25,9.495261976375375,2,3,3,2,1,0,1,2,7,9,7,4,458,2008-05-20
107,21.4,17,7.3375745311376575,3,2,2,3,2,2,2,1,13,1,2,2,459,2008-05-27
103,20.6,20,8.404760555780278,3,2,2,3,1,1,2,1,14,2,3,3,460,2008-06-03
81,16.2,20,6.823488843692792,1,4,2,3,1,0,1,6,5,3,6,3,461,2008-06-10
99,19.8,25,8.565045242145542,3,2,1,4,2,0,1,15,3,3,4,3,462,2008-06-17
85,17.0,11,4.33589667773576,3,2,2,3,2,1,2,1,3,5,2,2,463,2008-06-24
79,15.8,27,9.173875952943773,1,4,2,3,0,0,1,11,4,6,6,3,464,2008-07-01
105,21.0,15,5.253570214625479,3,2,1,4,1,0,1,5,3,4,3,2,465,2008-07-08
99,19.8,14,4.955804677345546,3,2,1,4,2,2,2,1,3,1,9,2,466,2008-07-15
54,10.8,22,8.304215796810677,4,1,4,1,3,1,2,1,11,2,8,3,467,2008-07-22
79,15.8,20,8.23164625090267,3,2,3,2,2,1,2,1,5,11,3,3,468,2008-07-29
61,12.2,14,4.955804677345546,3,2,3,2,2,0,1,4,3,4,3,2,469,2008-08-05
109,21.8,20,7.934733769950949,3,2,2,3,2,1,2,4,7,8,1,3,470,2008-08-12
103,20.6,17,5.748043145279966,3,2,1,4,3,0,1,4,3,3,7,3,471,2008-08-19
77,15.4,17,6.086049621881176,3,2,2,3,1,1,2,11,2,3,1,3,472,2008-08-26
73,14.6,22,8.662563131083086,1,4,2,3,1,1,2,1,13,2,6,3,473,2008-09-02
72,14.4,18,6.019966777316964,2,3,3,2,2,0,1,7,2,4,5,3,474,2008-09-09
67,13.4,16,5.71314274283428,1,4,4,1,0,1,2,1,3,2,10,3,475,2008-09-16
69,13.8,21,7.4404300950953095,1,4,3,2,1,0,1,7,2,8,4,3,476,2008-09-23
66,13.2,27,9.987992791347018,2,3,3,2,1,0,1,3,9,7,8,3,477,2008-09-30
85,17.0,22,7.563068160475615,3,2,1,4,2,1,2,14,1,4,3,3,478,2008-10-07
118,23.6,15,5.314132102234569,2,3,1,4,1,1,2,8,4,1,2,2,479,2008-10-14
86,17.2,26,10.047885349664377,4,1,2,3,3,0,1,2,11,7,6,4,480,2008-10-21
64,12.8,22,7.6000000000000005,4,1,3,2,3,0,1,4,6,3,9,3,481,2008-10-28
91,18.2,27,9.173875952943773,1,4,1,4,2,0,1,14,4,4,5,3,482,2008-11-04
106,21.2,22,7.756287771866127,4,1,1,4,3,0,1,13,3,4,2,2,483,2008-11-11
56,11.2,28,10.961751684835777,4,1,3,2,3,1,2,2,1,15,10,3,484,2008-11-18
67,13.4,28,9.604165762834375,3,2,4,1,2,0,1,5,2,5,16,3,485,2008-11-25
81,16.2,21,8.207313811473277,1,4,2,3,1,0,1,3,12,2,4,2,486,2008-12-02
103,20.6,14,4.841487374764082,3,2,1,4,2,0,1,2,3,2,7,2,487,2008-12-09
94,18.8,19,6.584831053261731,4,1,2,3,3,0,1,5,2,6,6,2,488,2008-12-16
68,13.6,29,11.146299834474219,2,3,3,2,2,0,1,2,5,13,9,3,489,2008-12-23
74,14.8,17,6.64529909033446,4,1,3,2,2,0,1,2,4,8,3,3,490,2008-12-30
77,15.4,15,5.71314274283428,1,4,2,3,1,0,1,2,6,4,3,3,491,2009-01-06
51,10.2,17,5.5641710972974225,3,2,4,1,2,1,2,5,1,2,9,3,492,2009-01-13
54,10.8,16,5.30659966456864,4,1,4,1,3,2,3,10,1,1,4,2,493,2009-01-20
80,16.0,26,9.797958971132712,0,5,3,2,1,0,1,8,4,12,2,3,494,2009-01-27
92,18.4,20,8.309031231136396,2,3,2,3,1,1,2,3,12,4,1,3,495,2009-02-03
77,15.4,26,9.329523031752482,1,4,3,2,1,1,2,6,1,11,8,4,496,2009-02-10
103,20.6,24,8.685620300243386,3,2,1,4,1,1,2,17,2,4,1,2,497,2009-02-17
90,18.0,28,9.359487165438072,2,3,2,3,2,0,1,13,5,3,7,4,498,2009-02-24
65,13.0,24,8.0,1,4,4,1,1,1,2,6,6,1,11,3,499,2009-03-03
115,23.0,9,3.286335345030997,3,2,0,5,2,1,2,1,3,2,3,2,500,2009-03-10
79,15.8,9,3.1874754901018454,3,2,2,3,2,2,2,1,3,1,4,2,501,2009-03-17
37,7.4,12,5.083306010855534,3,2,5,0,4,2,2,1,2,8,1,2,502,2009-03-24
100,20.0,16,5.366563145999495,4,1,1,4,2,0,1,7,3,2,4,2,503,2009-03-31
101,20.2,23,9.431860898041277,1,4,2,3,1,0,1,2,14,4,3,4,504,2009-04-07
82,16.4,17,6.019966777316965,2,3,1,4,2,1,2,11,3,1,2,3,505,2009-04-14
80,16.0,20,7.238784428341543,2,3,3,2,1,2,2,10,1,8,1,3,506,2009-04-21
110,22.0,18,6.782329983125268,2,3,1,4,1,2,3,9,7,1,1,2,507,2009-04-28
57,11.4,22,7.709734106958553,3,2,4,1,1,0,1,3,3,5,11,3,508,2009-05-05
96,19.2,28,10.533755265810955,2,3,2,3,3,1,2,11,9,7,1,4,509,2009-05-12
111,22.2,12,4.261455150532504,3,2,0,5,2,1,2,1,2,2,7,3,510,2009-05-19
114,22.8,18,7.025667228100119,2,3,1,4,2,0,1,3,10,2,3,3,511,2009-05-26
106,21.2,22,8.704022058795578,2,3,2,3,1,1,2,6,11,4,1,4,512,2009-06-02
76,15.2,22,7.547184905645283,4,1,2,3,3,1,2,8,7,1,6,3,513,2009-06-09
107,21.4,15,5.607138307550474,3,2,1,4,0,1,2,1,5,4,5,3,514,2009-06-16
101,20.2,21,7.782030583337488,3,2,1,4,1,2,3,16,3,1,1,2,515,2009-06-23
70,14.0,23,7.3484692283495345,2,3,4,1,1,1,2,9,2,1,11,3,516,2009-06-30
125,25.0,18,6.6332495807108,1,4,1,4,1,2,3,14,2,1,1,3,517,2009-07-07
92,18.4,16,5.238320341483518,2,3,1,4,1,0,1,5,2,2,7,2,518,2009-07-14
96,19.2,29,11.565465835840769,4,1,2,3,3,0,1,7,16,4,2,3,519,2009-07-21
60,12.0,28,10.099504938362077,2,3,4,1,3,1,2,1,8,3,16,3,520,2009-07-28
78,15.6,22,8.685620300243386,2,3,3,2,0,1,2,5,5,11,1,3,521,2009-08-04
95,19.0,23,7.92464510246358,3,2,1,4,2,1,2,15,3,1,4,3,522,2009-08-11
86,17.2,16,5.192301994298868,2,3,1,4,2,2,3,9,1,1,5,3,523,2009-08-18
80,16.0,17,6.603029607687671,2,3,2,3,2,0,1,3,7,5,2,3,524,2009-08-25
88,17.6,26,9.414881836751857,4,1,2,3,0,0,1,13,7,4,2,3,525,2009-09-01
77,15.4,27,10.131140113531153,3,2,2,3,2,1,2,1,11,5,10,4,526,2009-09-08
87,17.4,14,5.571355310873647,5,0,3,2,3,0,1,2,2,8,2,2,527,2009-09-15
63,12.6,19,6.216108107168021,3,2,4,1,2,1,2,9,3,1,6,3,528,2009-09-22
62,12.4,15,5.607138307550475,2,3,3,2,2,0,1,2,7,2,4,3,529,2009-09-29
45,9.0,17,7.0710678118654755,3,2,3,2,4,1,2,1,2,11,3,2,530,2009-10-06
109,21.8,14,4.955804677345547,3,2,1,4,1,2,2,8,1,4,1,2,531,2009-10-13
91,18.2,23,9.19565114605812,3,2,2,3,1,1,2,5,11,6,1,3,532,2009-10-20
92,18.4,25,8.522910301065007,4,1,2,3,4,0,1,7,6,4,8,4,533,2009-10-27
110,22.0,23,7.92464510246358,2,3,1,4,1,1,2,15,3,1,4,3,534,2009-11-03
116,23.2,13,4.445222154178573,2,3,0,5,2,1,2,2,3,1,7,3,535,2009-11-10
98,19.6,10,3.4409301068170506,0,5,1,4,0,0,1,4,2,2,2,2,536,2009-11-17
105,21.0,21,9.444575162494075,3,2,2,3,1,2,2,1,17,2,1,4,537,2009-11-24
72,14.4,13,5.238320341483518,2,3,3,2,1,1,2,2,3,7,1,3,538,2009-12-01
105,21.0,20,7.014271166700073,3,2,1,4,2,0,1,9,5,3,3,3,539,2009-12-08
99,19.8,27,9.579144011862438,3,2,1,4,3,0,1,17,3,5,2,3,540,2009-12-15
59,11.8,22,7.35934779718964,3,2,3,2,1,1,2,8,1,6,7,3,541,2009-12-22
70,14.0,24,8.48528137423857,4,1,3,2,2,0,1,6,2,9,7,3,542,2009-12-29
75,15.0,21,8.221921916437786,3,2,2,3,2,0,1,3,10,5,3,3,543,2010-01-05
89,17.8,27,10.684568311354464,3,2,2,3,2,1,2,6,9,11,1,4,544,2010-01-12
96,19.2,28,10.361467077590895,4,1,2,3,2,1,2,14,8,5,1,3,545,2010-01-19
81,16.2,26,9.453041838477178,3,2,2,3,3,0,1,5,11,3,7,3,546,2010-01-26
113,22.6,26,9.243376006633074,5,0,1,4,4,0,1,18,2,4,2,3,547,2010-02-02
79,15.8,24,9.368030742904295,3,2,2,3,3,1,2,1,10,7,6,3,548,2010-02-09
90,18.0,15,6.099180272790763,2,3,2,3,1,1,2,2,7,5,1,2,549,2010-02-16
105,21.0,23,8.294576541331088,1,4,1,4,1,0,1,8,6,6,3,4,550,2010-02-23
68,13.6,30,11.976643937263894,2,3,3,2,2,1,2,1,8,14,7,4,551,2010-03-02
77,15.4,21,7.116178749862878,3,2,3,2,3,0,1,4,3,3,11,3,552,2010-03-09
92,18.4,28,9.850888284819801,2,3,2,3,3,1,2,11,10,1,6,4,553,2010-03-16
83,16.6,26,10.49952379872535,1,4,2,3,2,1,2,4,17,1,4,2,554,2010-03-23
87,17.4,28,9.520504188329525,3,2,2,3,1,0,1,14,3,6,5,3,555,2010-03-30
67,13.4,20,7.418894796396563,1,4,2,3,1,1,2,2,10,1,7,3,556,2010-04-06
97,19.4,20,6.560487786742691,1,4,1,4,0,1,2,10,3,1,6,3,557,2010-04-13
82,16.4,26,9.068627239003707,0,5,2,3,0,0,1,6,6,6,8,4,558,2010-04-20
40,8.0,14,5.019960159204453,2,3,4,1,3,0,1,2,3,4,5,2,559,2010-04-27
100,20.0,19,8.0,4,1,2,3,4,1,2,2,4,12,1,3,560,2010-05-04
53,10.6,24,8.73155198117723,3,2,3,2,1,1,2,4,1,10,9,3,561,2010-05-11
53,10.6,15,5.4626001134990645,3,2,4,1,3,0,1,5,5,3,2,2,562,2010-05-18
76,15.2,26,9.703607576566563,2,3,2,3,2,2,2,1,13,1,11,3,563,2010-05-25
96,19.2,20,6.523802572120037,4,1,1,4,3,0,1,8,2,3,7,3,564,2010-06-01
114,22.8,11,4.707440918375928,2,3,0,5,2,3,3,1,1,8,1,2,565,2010-06-08
92,18.4,27,10.892199043352083,2,3,2,3,2,0,1,5,15,5,2,3,566,2010-06-15
91,18.2,15,6.144916598294887,1,4,2,3,0,1,2,2,8,4,1,2,567,2010-06-22
90,18.0,22,8.0,0,5,2,3,0,0,1,4,4,8,6,4,568,2010-06-29
104,20.8,18,6.554387843269576,2,3,1,4,2,0,1,7,6,3,2,2,569,2010-07-06
24,4.8,9,3.1874754901018454,2,3,5,0,2,2,2,1,3,1,4,2,570,2010-07-13
115,23.0,20,7.402702209328699,3,2,1,4,1,2,3,13,5,1,1,2,571,2010-07-20
77,15.4,28,10.44222198576529,3,2,2,3,2,0,1,5,12,5,6,3,572,2010-07-27
110,22.0,14,4.47213595499958,4,1,1,4,2,2,3,6,1,1,6,2,573,2010-08-03
46,9.2,12,4.308131845707603,4,1,5,0,3,1,2,4,1,5,2,2,574,2010-08-10
94,18.8,17,5.635601121442148,2,3,1,4,0,1,2,6,4,1,6,2,575,2010-08-17
68,13.6,17,7.002856560004639,2,3,3,2,1,0,1,2,2,11,2,3,576,2010-08-24
85,17.0,20,8.024961059095553,3,2,2,3,1,1,2,5,11,3,1,3,577,2010-08-31
81,16.2,25,8.37615663654877,3,2,2,3,3,0,1,6,5,3,11,3,578,2010-09-07
60,12.0,22,8.246211251235321,4,1,3,2,2,0,1,3,11,2,6,3,579,2010-09-14
60,12.0,25,8.87693640846886,2,3,4,1,0,1,2,3,10,1,11,3,580,2010-09-21
64,12.8,28,9.6,0,5,4,1,1,0,1,4,6,2,16,3,581,2010-09-28
93,18.6,27,9.32952303175248,1,4,2,3,1,0,1,11,8,2,6,4,582,2010-10-05
41,8.2,15,5.491812087098393,3,2,4,1,2,1,2,2,7,1,5,2,583,2010-10-12
62,12.4,16,5.4626001134990645,2,3,4,1,1,0,1,3,2,3,8,3,584,2010-10-19
111,22.2,17,5.635601121442148,3,2,1,4,3,1,2,5,4,1,7,3,585,2010-10-26
37,7.4,14,4.758150901348128,3,2,5,0,1,1,2,4,1,4,5,2,586,2010-11-02
106,21.2,19,7.277362159464101,4,1,1,4,4,1,2,6,2,10,1,3,587,2010-11-09
90,18.0,27,9.777525249264253,2,3,2,3,2,0,1,7,7,8,5,4,588,2010-11-16
74,14.8,23,8.280096617793781,2,3,3,2,2,0,1,7,3,9,4,3,589,2010-11-23
58,11.6,15,5.71314274283428,4,1,3,2,4,0,1,3,4,6,2,2,590,2010-11-30
53,10.6,15,5.083306010855534,3,2,4,1,2,1,2,4,1,4,6,2,591,2010-12-07
85,17.0,21,9.444575162494075,3,2,2,3,2,2,2,1,17,2,1,2,592,2010-12-14
104,20.8,18,7.249827584156743,2,3,2,3,2,1,2,3,8,6,1,2,593,2010-12-21
69,13.8,28,10.590561835898981,1,4,3,2,2,0,1,3,5,12,8,4,594,2010-12-28
76,15.2,16,5.81033561853358,4,1,3,2,3,0,1,4,4,5,3,3,595,2011-01-04
66,13.2,21,7.35934779718964,2,3,4,1,0,1,2,3,1,4,13,3,596,2011-01-11
67,13.4,17,6.019966777316964,3,2,2,3,4,1,2,11,3,1,2,2,597,2011-01-18
96,19.2,26,9.10823802938856,2,3,2,3,0,0,1,11,6,5,4,4,598,2011-01-25
60,12.0,26,8.94427190999916,4,1,4,1,4,1,2,4,3,1,18,3,599,2011-02-01
32,6.4,21,7.863841300534999,2,3,4,1,2,3,4,1,1,1,18,2,600,2011-02-08
79,15.8,14,4.578209256903839,1,4,3,2,0,2,3,4,1,1,8,2,601,2011-02-15
82,16.4,22,7.657675887630659,2,3,2,3,1,0,1,11,4,4,3,3,602,2011-02-22
93,18.6,26,11.586198686368192,1,4,2,3,1,1,2,1,21,2,2,3,603,2011-03-01
73,14.6,23,8.212186067059125,3,2,3,2,3,0,1,9,2,9,3,3,604,2011-03-08
71,14.2,23,8.565045242145544,3,2,3,2,3,1,2,1,7,6,9,3,605,2011-03-15
113,22.6,22,7.964923100695952,3,2,1,4,2,1,2,11,3,7,1,3,606,2011-03-22
75,15.0,23,8.438009243891594,1,4,3,2,1,1,2,1,4,6,12,3,607,2011-03-29
107,21.4,16,5.4258639865002145,5,0,1,4,3,0,1,6,2,4,4,2,608,2011-04-05
94,18.8,27,9.53729521405309,2,3,2,3,1,0,1,11,7,5,4,4,609,2011-04-12
72,14.4,27,9.178235124467012,2,3,3,2,2,0,1,5,6,3,13,3,610,2011-04-19
106,21.2,18,6.11228271597445,2,3,1,4,0,0,1,6,3,4,5,3,611,2011-04-26
110,22.0,19,6.782329983125268,2,3,1,4,1,0,1,7,6,3,3,3,612,2011-05-03
83,16.6,26,8.42852300228219,1,4,1,4,2,1,2,14,1,3,8,3,613,2011-05-10
101,20.2,23,7.984985911070852,3,2,1,4,2,0,1,9,7,2,5,4,614,2011-05-17
68,13.6,16,5.748043145279966,2,3,3,2,2,2,2,8,1,6,1,3,615,2011-05-24
101,20.2,21,7.573638491504595,3,2,1,4,1,1,2,11,3,6,1,3,616,2011-05-31
75,15.0,25,8.555699854482976,3,2,2,3,2,0,1,6,7,3,9,3,617,2011-06-07
89,17.8,21,7.756287771866126,1,4,3,2,1,0,1,2,2,8,9,3,618,2011-06-14
75,15.0,26,9.338094023943002,1,4,3,2,1,0,1,3,7,6,10,4,619,2011-06-21
93,18.6,29,9.971960689854328,3,2,2,3,2,0,1,12,7,4,6,4,620,2011-06-28
90,18.0,24,8.48528137423857,0,5,2,3,0,0,1,6,6,6,6,4,621,2011-07-05
99,19.8,14,5.635601121442148,3,2,2,3,1,1,2,1,6,5,2,2,622,2011-07-12
68,13.6,22,7.3375745311376575,2,3,4,1,0,1,2,5,5,1,11,3,623,2011-07-19
59,11.8,19,6.615134163416491,3,2,4,1,3,1,2,2,4,1,12,3,624,2011-07-26
119,23.8,12,4.354308211415448,3,2,0,5,3,1,2,1,3,3,5,3,625,2011-08-02
80,16.0,15,5.403702434442518,2,3,3,2,2,1,2,1,2,3,9,2,626,2011-08-09
65,13.0,14,4.732863826479693,1,4,4,1,0,1,2,4,4,1,5,3,627,2011-08-16
50,10.0,19,7.6681158050723255,2,3,3,2,2,1,2,1,8,7,3,3,628,2011-08-23
75,15.0,28,11.47170431975999,3,2,2,3,2,0,1,2,13,10,3,3,629,2011-08-30
73,14.6,28,10.365326815879952,3,2,2,3,3,1,2,1,12,3,12,3,630,2011-09-06
81,16.2,22,7.35934779718964,3,2,2,3,1,0,1,12,3,2,5,3,631,2011-09-13
86,17.2,20,7.467261881037788,2,3,3,2,0,2,2,8,1,10,1,3,632,2011-09-20
83,16.6,28,9.28654941299512,1,4,2,3,2,1,2,10,7,1,10,4,633,2011-09-27
102,20.4,25,9.134549797335389,2,3,2,3,1,0,1,8,10,3,4,4,634,2011-10-04
90,18.0,17,6.164414002968976,2,3,2,3,2,1,2,1,3,4,9,2,635,2011-10-11
98,19.6,22,8.114185110040317,2,3,2,3,1,0,1,5,8,5,4,4,636,2011-10-18
52,10.4,20,7.08801805866774,4,1,4,1,1,0,1,4,5,5,6,3,637,2011-10-25
92,18.4,29,10.170545708072897,2,3,1,4,0,0,1,15,2,9,3,4,638,2011-11-01
100,20.0,25,9.316651759081692,2,3,2,3,2,0,1,8,6,9,2,4,639,2011-11-08
98,19.6,25,9.046546302318914,2,3,2,3,1,0,1,9,3,10,3,4,640,2011-11-15
69,13.8,17,5.706137047074843,3,2,3,2,3,0,1,6,3,3,5,3,641,2011-11-22
115,23.0,22,7.563068160475615,3,2,1,4,1,1,2,13,4,1,4,3,642,2011-11-29
78,15.6,13,4.882622246293481,4,1,2,3,3,0,1,2,6,2,3,3,643,2011-12-06
80,16.0,22,7.321202087089251,4,1,3,2,2,0,1,8,2,5,7,3,644,2011-12-13
82,16.4,16,5.4626001134990645,2,3,2,3,2,1,2,5,5,1,5,3,645,2011-12-20
86,17.2,28,11.685888926393234,2,3,2,3,2,1,2,3,10,14,1,3,646,2011-12-27
47,9.4,18,6.216108107168021,3,2,4,1,2,1,2,3,1,3,11,3,647,2012-01-10
77,15.4,15,5.388877434122992,3,2,2,3,2,1,2,7,5,1,2,3,648,2012-01-17
72,14.4,18,6.6211781428987395,4,1,2,3,3,1,2,8,7,1,2,3,649,2012-01-24
83,16.6,22,8.187795796183488,1,4,2,3,1,0,1,7,7,6,2,3,650,2012-01-31
85,17.0,23,8.07465169527454,3,2,3,2,2,0,1,3,4,5,11,4,651,2012-02-07
83,16.6,27,11.288932633336069,3,2,2,3,4,1,2,3,14,9,1,3,652,2012-02-14
99,19.8,19,6.337191807101944,1,4,1,4,1,0,1,5,4,2,8,3,653,2012-02-21
91,18.2,21,8.23164625090267,3,2,2,3,1,0,1,5,11,3,2,3,654,2012-02-28
60,12.0,11,3.847076812334269,2,3,4,1,1,0,1,2,3,2,4,2,655,2012-03-06
74,14.8,19,7.19444229944198,2,3,3,2,1,1,2,6,5,7,1,3,656,2012-03-13
94,18.8,21,7.249827584156743,2,3,2,3,1,0,1,5,4,5,7,4,657,2012-03-20
67,13.4,19,6.887670143089026,3,2,4,1,2,1,2,1,3,4,11,3,658,2012-03-27
97,19.4,26,10.669582934679312,3,2,2,3,2,1,2,4,13,8,1,3,659,2012-04-03
95,19.0,24,9.736529155710468,3,2,3,2,2,1,2,5,3,15,1,3,660,2012-04-10
56,11.2,18,7.138627319029899,2,3,3,2,2,1,2,4,3,10,1,3,661,2012-04-17
90,18.0,24,9.797958971132712,4,1,3,2,2,0,1,2,6,13,3,4,662,2012-04-24
72,14.4,30,10.461357464497617,4,1,3,2,1,1,2,8,1,11,10,4,663,2012-05-01
71,14.2,23,8.084553172563094,3,2,3,2,2,0,1,3,2,5,13,3,664,2012-05-08
84,16.8,21,7.138627319029899,2,3,2,3,2,0,1,5,5,3,8,3,665,2012-05-15
91,18.2,19,7.35934779718964,3,2,2,3,3,1,2,1,6,7,5,2,666,2012-05-22
93,18.6,23,9.090654541890808,3,2,2,3,2,1,2,1,10,7,5,4,667,2012-05-29
88,17.6,22,9.024411338142782,4,1,2,3,2,0,1,2,7,11,2,3,668,2012-06-05
75,15.0,27,10.862780491200215,3,2,3,2,2,1,2,3,1,17,6,3,669,2012-06-12
92,18.4,25,11.001818031580052,2,3,2,3,1,1,2,2,20,1,2,2,670,2012-06-19
89,17.8,20,6.8527366796047255,3,2,2,3,2,0,1,7,5,3,5,3,671,2012-06-26
81,16.2,25,9.26066952223218,1,4,2,3,1,0,1,5,12,2,6,2,672,2012-07-03
88,17.6,19,7.391887445030531,2,3,2,3,0,1,2,6,9,3,1,3,673,2012-07-10
55,11.0,24,11.045361017187261,3,2,3,2,2,3,3,1,1,21,1,2,674,2012-07-17
113,22.6,25,8.912911982062878,3,2,1,4,1,1,2,15,6,1,3,3,675,2012-07-24
78,15.6,24,9.243376006633074,0,5,2,3,0,0,1,2,12,4,6,3,676,2012-07-31
103,20.6,20,6.916646586316233,1,4,1,4,1,1,2,6,7,1,6,3,677,2012-08-07
102,20.4,10,3.8781438859330635,4,1,1,4,1,1,2,2,4,3,1,2,678,2012-08-14
99,19.8,26,10.166612021711067,5,0,2,3,5,0,1,6,12,6,2,4,679,2012-08-21
55,11.0,22,8.12403840463596,3,2,4,1,3,1,2,1,8,4,9,3,680,2012-08-28
84,16.8,24,7.984985911070851,2,3,2,3,2,0,1,6,5,2,11,3,681,2012-09-04
84,16.8,23,9.19565114605812,2,3,2,3,0,0,1,4,12,5,2,2,682,2012-09-11
72,14.4,25,9.414881836751857,4,1,3,2,2,0,1,6,8,8,3,3,683,2012-09-18
79,15.8,15,5.491812087098393,3,2,3,2,2,1,2,2,1,6,6,2,684,2012-09-25
89,17.8,22,7.782030583337488,3,2,2,3,2,0,1,3,8,2,9,4,685,2012-10-02
43,8.6,15,5.238320341483519,3,2,4,1,3,0,1,2,2,3,8,2,686,2012-10-09
81,16.2,27,9.785703858180055,3,2,2,3,3,0,1,7,8,7,5,3,687,2012-10-16
59,11.8,22,8.084553172563094,3,2,4,1,1,1,2,1,4,6,11,3,688,2012-10-23
92,18.4,13,5.2,4,1,2,3,3,1,2,1,6,4,2,2,689,2012-10-30
97,19.4,14,5.161395160225576,3,2,1,4,2,1,2,5,6,1,2,2,690,2012-11-06
67,13.4,22,7.964923100695952,3,2,3,2,1,1,2,6,1,10,5,3,691,2012-11-13
90,18.0,22,7.9498427657407165,4,1,3,2,3,1,2,4,1,9,8,4,692,2012-11-20
92,18.4,20,7.255342858886822,4,1,1,4,2,1,2,12,4,3,1,3,693,2012-11-27
68,13.6,15,5.0039984012787215,2,3,3,2,1,1,2,7,3,1,4,3,694,2012-12-04
98,19.6,24,8.593020423576334,2,3,1,4,1,2,2,15,1,7,1,3,695,2012-12-11
78,15.6,25,8.662563131083086,4,1,3,2,2,0,1,4,6,4,11,3,696,2012-12-18
81,16.2,22,8.997777503361595,5,0,2,3,3,0,1,2,10,8,2,3,697,2012-12-25
48,9.6,22,8.357032966310472,2,3,4,1,3,1,2,1,2,9,10,3,698,2013-01-08
91,18.2,22,8.059776671843954,1,4,2,3,0,0,1,6,9,3,4,3,699,2013-01-15
70,14.0,20,7.974960814950754,2,3,3,2,0,1,2,2,1,12,5,2,700,2013-01-22
66,13.2,22,7.467261881037788,2,3,4,1,1,0,1,4,5,2,11,3,701,2013-01-29
78,15.6,13,5.0039984012787215,2,3,3,2,2,1,2,2,1,7,3,2,702,2013-02-05
88,17.6,28,10.594338110519223,2,3,2,3,2,0,1,7,6,12,3,4,703,2013-02-12
83,16.6,23,8.822698000045111,3,2,2,3,2,1,2,9,10,3,1,3,704,2013-02-19
85,17.0,14,4.979959839195493,1,4,1,4,0,1,2,8,2,3,1,3,705,2013-02-26
70,14.0,25,8.87693640846886,2,3,3,2,1,1,2,2,9,1,13,3,706,2013-03-05
92,18.4,27,10.307278981380101,4,1,2,3,4,0,1,9,12,4,2,3,707,2013-03-12
98,19.6,19,8.06473806146238,2,3,2,3,2,2,2,1,9,8,1,2,708,2013-03-19
58,11.6,16,6.7111846942250075,2,3,2,3,3,2,3,3,11,1,1,2,709,2013-03-26
86,17.2,24,8.657944328765346,2,3,2,3,1,1,2,13,3,7,1,3,710,2013-04-02
60,12.0,22,8.099382692526634,4,1,3,2,3,0,1,2,5,7,8,3,711,2013-04-09
86,17.2,28,10.88852607105296,4,1,2,3,3,0,1,4,11,9,4,4,712,2013-04-16
98,19.6,27,9.93176721434811,2,3,2,3,2,0,1,9,9,6,3,4,713,2013-04-23
89,17.8,25,8.908422980528034,1,4,2,3,1,0,1,4,10,2,9,4,714,2013-04-30
41,8.2,20,7.30479294709987,3,2,4,1,3,1,2,1,2,4,13,2,715,2013-05-07
94,18.8,11,3.54400902933387,2,3,1,4,2,2,3,5,1,1,4,2,716,2013-05-14
71,14.2,23,9.239047569960878,3,2,3,2,3,0,1,2,9,9,3,3,717,2013-05-21
72,14.4,22,7.4993333037010705,2,3,2,3,3,0,1,9,5,3,5,3,718,2013-05-28
78,15.6,25,9.00222194794152,2,3,2,3,1,0,1,7,9,4,5,3,719,2013-06-04
72,14.4,15,5.642694391866353,4,1,2,3,4,1,2,6,6,2,1,3,720,2013-06-11
57,11.4,19,6.887670143089026,3,2,4,1,2,0,1,2,7,3,7,3,721,2013-06-18
78,15.6,26,9.645724441429996,2,3,2,3,1,0,1,2,11,4,9,4,722,2013-06-25
76,15.2,27,10.740577265678041,4,1,3,2,2,0,1,3,2,16,6,3,723,2013-07-02
89,17.8,22,7.413501197140255,3,2,2,3,3,0,1,7,3,5,7,3,724,2013-07-09
101,20.2,24,9.765244492586962,1,4,2,3,1,0,1,5,15,2,2,4,725,2013-07-16
62,12.4,24,9.393614852653903,2,3,2,3,1,1,2,1,14,2,7,3,726,2013-07-23
65,13.0,20,7.042726744663604,1,4,3,2,1,0,1,3,7,2,8,3,727,2013-07-30
62,12.4,27,8.8,4,1,4,1,2,0,1,8,2,2,15,3,728,2013-08-06
95,19.0,16,5.477225575051661,3,2,1,4,3,1,2,3,1,3,9,2,729,2013-08-13
51,10.2,19,6.968500556073738,3,2,4,1,3,0,1,2,2,7,8,3,730,2013-08-20
92,18.4,23,9.43610088966836,2,3,2,3,1,0,1,2,9,10,2,4,731,2013-08-27
86,17.2,27,11.232096865679177,2,3,2,3,2,0,1,2,10,13,2,4,732,2013-09-03
63,12.6,15,5.607138307550474,3,2,3,2,2,0,1,4,2,7,2,3,733,2013-09-10
49,9.8,7,2.5612496949731396,1,4,5,0,1,1,2,2,2,2,1,2,734,2013-09-17
86,17.2,27,9.064215354899728,2,3,2,3,2,0,1,11,2,7,7,4,735,2013-09-24
80,16.0,25,8.221921916437786,2,3,2,3,2,0,1,12,3,3,7,3,736,2013-10-01
77,15.4,18,6.280127387243033,3,2,2,3,3,1,2,7,6,1,4,3,737,2013-10-08
84,16.8,22,8.059776671843954,4,1,3,2,4,0,1,4,3,9,6,3,738,2013-10-15
79,15.8,30,11.548160026601641,3,2,2,3,2,0,1,3,15,5,7,4,739,2013-10-22
78,15.6,26,10.707007051459339,2,3,2,3,2,0,1,2,15,6,3,3,740,2013-10-29
69,13.8,19,6.305553108173779,3,2,4,1,1,1,2,5,1,3,10,3,741,2013-11-05
81,16.2,28,11.08873302050329,3,2,2,3,3,0,1,2,11,10,5,4,742,2013-11-12
87,17.4,26,8.380930735902785,1,4,2,3,0,0,1,11,3,2,10,4,743,2013-11-19
49,9.8,22,8.207313811473277,1,4,4,1,2,1,2,2,1,9,10,3,744,2013-11-26
62,12.4,19,6.151422599691879,2,3,4,1,2,1,2,7,3,1,8,3,745,2013-12-03
65,13.0,18,6.44980619863884,1,4,3,2,1,0,1,8,5,3,2,3,746,2013-12-10
95,19.0,29,11.045361017187261,3,2,2,3,2,1,2,11,11,6,1,4,747,2013-12-17
41,8.2,13,4.445222154178573,3,2,5,0,3,1,2,4,1,4,4,2,748,2013-12-24
72,14.4,29,9.350935782048767,2,3,3,2,1,0,1,10,3,2,14,3,749,2014-01-07
48,9.6,17,5.986651818838306,4,1,4,1,4,0,1,3,4,4,6,2,750,2014-01-14
89,17.8,23,7.413501197140255,3,2,2,3,2,1,2,8,3,1,11,3,751,2014-01-21
118,23.6,20,6.800000000000001,4,1,1,4,3,1,2,12,3,1,4,3,752,2014-01-28
79,15.8,22,8.49470423263812,1,4,2,3,2,1,2,8,10,3,1,3,753,2014-02-04
102,20.4,19,7.552483035399683,2,3,2,3,1,2,2,1,12,1,5,3,754,2014-02-11
115,23.0,7,2.6076809620810595,3,2,0,5,0,2,3,1,1,3,2,1,755,2014-02-18
79,15.8,25,10.49571341072154,3,2,3,2,1,1,2,3,1,18,3,3,756,2014-02-25
100,20.0,15,5.727128425310541,4,1,2,3,0,0,1,3,6,4,2,2,757,2014-03-04
87,17.4,16,5.782732917920384,1,4,2,3,1,0,1,6,5,3,2,3,758,2014-03-11
103,20.6,22,7.3647810558087885,1,4,1,4,1,1,2,10,5,1,6,4,759,2014-03-18
77,15.4,29,10.818502669038816,3,2,3,2,1,0,1,6,7,11,5,4,760,2014-03-25
89,17.8,24,7.984985911070851,3,2,2,3,2,0,1,7,2,5,10,4,761,2014-04-01
52,10.4,27,9.76933979345585,2,3,4,1,3,1,2,1,5,2,19,3,762,2014-04-08
52,10.4,15,5.607138307550475,2,3,4,1,2,0,1,2,7,2,4,2,763,2014-04-15
31,6.2,10,4.069397989875161,3,2,5,0,3,2,2,1,5,3,1,2,764,2014-04-22
108,21.6,15,5.083306010855534,2,3,0,5,2,1,2,3,1,2,9,3,765,2014-04-29
69,13.8,23,8.009993757800315,1,4,3,2,1,0,1,3,4,4,12,3,766,2014-05-06
80,16.0,25,10.059821071967434,2,3,3,2,1,0,1,2,2,15,6,4,767,2014-05-13
79,15.8,25,10.943491216243563,3,2,2,3,3,2,2,1,20,1,3,2,768,2014-05-20
75,15.0,21,7.615773105863909,3,2,3,2,2,0,1,8,4,7,2,3,769,2014-05-27
101,20.2,18,5.878775382679628,1,4,1,4,1,1,2,6,1,3,8,3,770,2014-06-03
96,19.2,23,8.795453370918407,2,3,2,3,2,0,1,4,11,4,4,4,771,2014-06-10
88,17.6,16,5.71314274283428,4,1,3,2,1,1,2,3,1,6,6,2,772,2014-06-17
46,9.2,25,9.108238029388561,2,3,4,1,2,1,2,1,4,5,15,3,773,2014-06-24
70,14.0,25,9.612491872558333,2,3,3,2,1,1,2,1,3,11,10,3,774,2014-07-01
80,16.0,26,10.13903348450926,2,3,3,2,2,1,2,1,8,10,7,4,775,2014-07-08
84,16.8,25,8.133879763065101,2,3,3,2,1,1,2,8,1,3,13,3,776,2014-07-15
80,16.0,20,7.694153624668538,0,5,2,3,0,0,1,6,10,2,2,3,777,2014-07-22
93,18.6,20,7.889233169326408,1,4,3,2,1,1,2,3,1,12,4,3,778,2014-07-29
41,8.2,12,3.9698866482558417,3,2,5,0,1,2,3,7,1,1,3,2,779,2014-08-05
82,16.4,7,2.416609194718914,2,3,2,3,1,1,2,2,1,2,2,2,780,2014-08-12
64,12.8,22,8.37615663654877,2,3,3,2,2,0,1,5,3,11,3,3,781,2014-08-19
55,11.0,17,5.966573556070519,3,2,4,1,1,0,1,3,2,5,7,3,782,2014-08-26
54,10.8,16,6.04648658313239,2,3,4,1,1,1,2,1,5,5,5,3,783,2014-09-02
108,21.6,15,5.122499389946279,4,1,1,4,2,0,1,5,2,4,4,2,784,2014-09-09
104,20.8,21,7.35934779718964,2,3,1,4,1,1,2,14,1,4,2,2,785,2014-09-16
89,17.8,24,10.419213022104884,3,2,2,3,2,2,2,1,15,7,1,2,786,2014-09-23
105,21.0,20,7.238784428341543,3,2,2,3,2,0,1,4,7,4,5,3,787,2014-09-30
109,21.8,29,10.870142593360955,3,2,1,4,1,2,3,20,7,1,1,3,788,2014-10-07
67,13.4,27,9.810198774744578,3,2,3,2,3,1,2,1,6,5,15,3,789,2014-10-14
79,15.8,10,3.7094473981982814,5,0,3,2,3,0,1,2,2,4,2,2,790,2014-10-21
101,20.2,25,9.346657156438337,1,4,1,4,1,1,2,10,2,12,1,3,791,2014-10-28
80,16.0,10,3.63318042491699,2,3,3,2,1,1,2,1,2,3,4,2,792,2014-11-04
85,17.0,25,8.67179335547152,1,4,2,3,1,0,1,4,8,2,11,4,793,2014-11-11
56,11.2,28,10.225458424931373,2,3,4,1,2,1,2,1,4,2,21,3,794,2014-11-18
51,10.2,16,5.670978751503131,1,4,4,1,2,0,1,4,5,3,4,2,795,2014-11-25
83,16.6,27,9.308061022576076,3,2,2,3,2,0,1,7,9,2,9,4,796,2014-12-02
107,21.4,23,10.55651457631732,3,2,2,3,2,3,3,1,20,1,1,3,797,2014-12-09
71,14.2,24,9.19565114605812,3,2,3,2,2,0,1,5,2,13,4,3,798,2014-12-16
65,13.0,25,9.85900603509299,3,2,2,3,3,1,2,1,15,2,7,3,799,2014-12-23
87,17.4,24,8.452218643646177,3,2,1,4,1,1,2,18,1,2,3,3,800,2014-12-30
79,15.8,20,8.182909018191515,3,2,2,3,2,0,1,2,13,2,3,2,801,2015-01-06
95,19.0,26,10.430723848324238,5,0,2,3,3,0,1,4,12,8,2,3,802,2015-01-13
70,14.0,25,9.528903399657276,2,3,2,3,2,1,2,2,14,1,8,3,803,2015-01-20
65,13.0,22,8.17312669668102,3,2,4,1,2,2,3,1,1,3,17,3,804,2015-01-27
75,15.0,22,8.12403840463596,3,2,3,2,2,1,2,1,2,6,13,3,805,2015-02-03
86,17.2,25,8.997777503361593,4,1,2,3,3,0,1,8,10,2,5,3,806,2015-02-10
61,12.2,14,5.455272678794342,5,0,3,2,5,0,1,2,6,4,2,2,807,2015-02-17
100,20.0,22,9.486832980505138,2,3,2,3,0,2,2,1,17,1,3,3,808,2015-02-24
59,11.8,23,7.573638491504595,3,2,4,1,3,0,1,6,3,2,12,3,809,2015-03-03
80,16.0,25,8.270429251254134,2,3,3,2,1,1,2,6,3,1,15,3,810,2015-03-10
61,12.2,13,4.707440918375928,3,2,4,1,1,2,3,1,1,3,8,3,811,2015-03-17
82,16.4,23,7.914543574963751,2,3,1,4,2,1,2,14,1,5,3,3,812,2015-03-24
47,9.4,12,4.586937976471886,3,2,5,0,1,1,2,3,3,5,1,2,813,2015-03-31
73,14.6,29,11.637869220780924,3,2,3,2,3,1,2,1,9,13,6,4,814,2015-04-07
122,24.4,8,3.261901286060018,2,3,0,5,0,3,3,1,5,1,1,1,815,2015-04-14
45,9.0,17,6.164414002968976,3,2,4,1,2,0,1,4,2,7,4,2,816,2015-04-21
90,18.0,28,10.770329614269007,4,1,2,3,2,0,1,9,13,4,2,3,817,2015-04-28
62,12.4,13,4.758150901348127,2,3,3,2,1,0,1,4,5,2,2,2,818,2015-05-05
64,12.8,22,7.249827584156743,2,3,4,1,1,1,2,7,5,1,9,3,819,2015-05-12
92,18.4,23,7.964923100695952,2,3,2,3,1,1,2,4,8,1,10,4,820,2015-05-19
76,15.2,17,6.910861017268398,2,3,2,3,1,0,1,2,10,3,2,3,821,2015-05-26
70,14.0,21,7.8230428862431785,2,3,3,2,2,1,2,1,2,7,11,3,822,2015-06-02
71,14.2,17,5.946427498927402,1,4,3,2,1,0,1,4,4,4,5,3,823,2015-06-09
99,19.8,25,9.173875952943773,1,4,1,4,1,1,2,12,6,6,1,3,824,2015-06-16
70,14.0,23,8.414273587185052,2,3,3,2,1,0,1,5,4,9,5,3,825,2015-06-23
80,16.0,26,9.838699100999074,4,1,2,3,1,0,1,7,13,2,4,2,826,2015-06-30
67,13.4,28,11.42978564978364,3,2,3,2,3,1,2,1,2,17,8,3,827,2015-07-07
62,12.4,24,8.01498596380555,2,3,4,1,2,0,1,6,3,4,11,3,828,2015-07-14
93,18.6,23,8.114185110040317,3,2,2,3,3,0,1,4,7,4,8,4,829,2015-07-21
83,16.6,24,9.520504188329525,3,2,2,3,3,1,2,1,14,3,6,2,830,2015-07-28
73,14.6,14,5.571355310873647,5,0,2,3,3,0,1,2,8,2,2,3,831,2015-08-04
84,16.8,22,7.95989949685296,4,1,3,2,2,1,2,1,5,4,12,3,832,2015-08-11
82,16.4,22,8.452218643646177,2,3,3,2,0,0,1,3,6,9,4,3,833,2015-08-18
90,18.0,21,7.9498427657407165,4,1,2,3,2,1,2,8,8,4,1,3,834,2015-08-25
73,14.6,28,10.071742649611338,5,0,3,2,3,0,1,8,2,12,6,3,835,2015-09-01
97,19.4,24,8.867919710958146,3,2,2,3,2,1,2,10,5,8,1,3,836,2015-09-08
67,13.4,21,9.221713506718803,3,2,3,2,1,2,2,1,4,15,1,2,837,2015-09-15
48,9.6,11,4.029888335921977,2,3,5,0,1,1,2,2,5,1,3,2,838,2015-09-22
79,15.8,28,11.106754701531855,1,4,3,2,1,0,1,4,8,13,3,4,839,2015-09-29
63,12.6,30,10.384603988597735,5,0,4,1,3,0,1,4,6,4,16,3,840,2015-10-06
49,9.8,13,4.955804677345547,3,2,4,1,3,2,3,1,1,6,5,2,841,2015-10-13
96,19.2,16,5.706137047074843,2,3,1,4,0,1,2,9,2,4,1,3,842,2015-10-20
97,19.4,28,10.307278981380101,1,4,2,3,2,0,1,12,9,5,2,4,843,2015-10-27
76,15.2,23,8.133879763065101,2,3,3,2,2,0,1,8,3,8,4,3,844,2015-11-03
89,17.8,27,9.846826900072937,1,4,2,3,1,0,1,7,12,2,6,4,845,2015-11-10
106,21.2,30,11.249888888340186,4,1,1,4,2,1,2,16,10,3,1,4,846,2015-11-17
96,19.2,24,7.652450587883596,4,1,1,4,3,1,2,11,1,2,10,4,847,2015-11-24
87,17.4,29,12.531560158256434,3,2,2,3,4,1,2,1,19,7,2,3,848,2015-12-01
74,14.8,16,5.775811631277461,2,3,2,3,2,1,2,10,3,2,1,3,849,2015-12-08
49,9.8,17,6.968500556073739,3,2,4,1,2,1,2,1,11,2,3,2,850,2015-12-15
104,20.8,21,6.8527366796047255,2,3,1,4,2,1,2,9,1,4,7,3,851,2015-12-22
66,13.2,20,7.025667228100119,2,3,3,2,1,0,1,7,6,3,4,3,852,2015-12-29
82,16.4,24,8.064738061462382,2,3,2,3,2,1,2,5,6,1,12,3,853,2016-01-05
95,19.0,28,9.316651759081692,3,2,1,4,3,1,2,13,6,1,8,4,854,2016-01-12
72,14.4,22,8.5463442476886,2,3,2,3,3,0,1,5,10,5,2,3,855,2016-01-19
79,15.8,28,9.947864092356712,3,2,3,2,1,0,1,9,5,9,5,3,856,2016-01-26
79,15.8,26,10.703270528207721,1,4,2,3,1,0,1,2,17,3,4,2,857,2016-02-02
86,17.2,20,7.467261881037788,2,3,3,2,0,2,2,8,1,10,1,3,858,2016-02-09
108,21.6,18,6.8,4,1,1,4,4,0,1,4,2,9,3,3,859,2016-02-16
99,19.8,23,9.867117106835208,3,2,2,3,1,2,2,1,12,9,1,3,860,2016-02-23
68,13.6,23,7.964923100695951,2,3,3,2,1,0,1,4,4,5,10,3,861,2016-03-01
55,11.0,20,6.81175454637056,5,0,4,1,4,0,1,4,2,4,10,3,862,2016-03-08
69,13.8,27,11.72006825918689,3,2,3,2,2,2,2,1,9,16,1,3,863,2016-03-15
116,23.2,16,6.144916598294887,0,5,1,4,0,0,1,4,8,2,2,3,864,2016-03-22
75,15.0,28,9.528903399657276,3,2,2,3,3,1,2,5,8,1,14,3,865,2016-03-29
92,18.4,24,8.522910301065007,0,5,1,4,0,0,1,12,2,8,2,3,866,2016-04-05
118,23.6,17,5.885575587824865,2,3,1,4,2,1,2,10,1,4,2,3,867,2016-04-12
79,15.8,29,10.533755265810953,3,2,3,2,0,0,1,8,5,11,5,4,868,2016-04-19
81,16.2,28,8.997777503361595,1,4,2,3,2,0,1,12,2,3,11,3,869,2016-04-26
91,18.2,28,9.703607576566563,3,2,2,3,3,1,2,9,10,1,8,4,870,2016-05-03
103,20.6,27,9.478396488858229,3,2,1,4,2,0,1,13,7,3,4,4,871,2016-05-10
113,22.6,15,6.118823416311342,1,4,1,4,0,1,2,1,8,4,2,3,872,2016-05-17
72,14.4,25,9.850888284819801,2,3,3,2,2,0,1,2,4,13,6,3,873,2016-05-24
67,13.4,18,7.889233169326409,1,4,3,2,1,2,3,1,1,14,2,2,874,2016-05-31
52,10.4,26,9.393614852653903,2,3,4,1,3,1,2,1,5,3,17,3,875,2016-06-07
105,21.0,9,3.1622776601683795,3,2,0,5,1,3,4,1,1,1,6,2,876,2016-06-14
84,16.8,18,6.675327707311454,2,3,2,3,2,1,2,9,6,2,1,3,877,2016-06-21
70,14.0,27,12.016655108639842,2,3,3,2,3,2,2,1,5,20,1,2,878,2016-06-28
97,19.4,29,10.55651457631732,3,2,2,3,3,0,1,11,11,3,4,4,879,2016-07-05
56,11.2,16,5.528109984434102,4,1,4,1,3,1,2,2,4,1,9,3,880,2016-07-12
97,19.4,20,8.593020423576334,3,2,2,3,3,2,2,1,6,12,1,3,881,2016-07-19
65,13.0,28,9.959919678390985,1,4,3,2,2,1,2,5,1,10,12,3,882,2016-07-26
82,16.4,24,8.187795796183488,4,1,1,4,1,1,2,16,1,3,4,3,883,2016-08-02
97,19.4,24,9.393614852653903,3,2,2,3,2,0,1,3,12,5,4,4,884,2016-08-09
98,19.6,18,6.248199740725323,4,1,1,4,1,0,1,8,4,3,3,3,885,2016-08-16
84,16.8,28,9.80612053770501,4,1,2,3,3,0,1,10,9,3,6,3,886,2016-08-23
83,16.6,26,11.253443917308159,3,2,2,3,3,2,2,1,15,9,1,3,887,2016-08-30
107,21.4,25,9.090654541890808,3,2,1,4,3,0,1,11,7,5,2,4,888,2016-09-06
62,12.4,17,6.468384651518491,2,3,3,2,2,1,2,1,6,5,5,3,889,2016-09-13
75,15.0,30,11.009087155618309,3,2,3,2,2,0,1,6,5,12,7,4,890,2016-09-20
117,23.4,21,8.404760555780278,3,2,1,4,3,2,3,7,12,1,1,3,891,2016-09-27
57,11.4,19,7.863841300535,3,2,3,2,3,1,2,1,9,7,2,3,892,2016-10-04
92,18.4,14,5.161395160225576,2,3,2,3,1,0,1,3,6,2,3,2,893,2016-10-11
101,20.2,19,6.43117407632541,3,2,1,4,2,0,1,5,5,2,7,3,894,2016-10-18
49,9.8,7,2.481934729198171,3,2,5,0,2,2,3,1,1,2,3,2,895,2016-10-25
83,16.6,15,5.161395160225576,3,2,2,3,3,1,2,2,3,1,9,2,896,2016-11-01
105,21.0,15,5.549774770204643,3,2,0,5,3,2,3,1,1,5,8,3,897,2016-11-08
81,16.2,20,8.518215775618742,3,2,2,3,2,1,2,2,13,4,1,2,898,2016-11-15
78,15.6,30,10.537551897855593,4,1,2,3,3,1,2,6,12,1,11,4,899,2016-11-22
81,16.2,24,8.328265125462805,3,2,2,3,0,0,1,14,3,4,3,3,900,2016-11-29
72,14.4,22,8.260750571225353,2,3,3,2,3,1,2,8,3,10,1,3,901,2016-12-06
80,16.0,22,8.294576541331088,0,5,2,3,0,0,1,2,8,6,6,3,902,2016-12-13
81,16.2,27,10.721940122944169,3,2,2,3,3,0,1,3,16,3,5,2,903,2016-12-20
54,10.8,18,6.997142273814361,4,1,3,2,3,0,1,2,3,9,4,3,904,2016-12-27
88,17.6,23,7.657675887630659,2,3,1,4,1,1,2,13,1,4,5,3,905,2017-01-10
42,8.4,21,7.4993333037010705,2,3,4,1,3,1,2,2,2,1,16,2,906,2017-01-17
70,14.0,28,10.862780491200215,2,3,3,2,2,1,2,1,6,12,9,4,907,2017-01-24
112,22.4,13,4.63033476111609,4,1,0,5,3,1,2,1,2,2,8,3,908,2017-01-31
76,15.2,24,8.034923770640267,2,3,3,2,1,0,1,9,2,6,7,3,909,2017-02-07
100,20.0,20,7.37563556583431,0,5,2,3,0,0,1,4,6,6,4,3,910,2017-02-14
38,7.6,14,5.748043145279966,2,3,4,1,3,2,3,1,1,9,3,2,911,2017-02-21
83,16.6,13,5.161395160225576,3,2,2,3,1,1,2,3,7,2,1,3,912,2017-02-28
72,14.4,21,7.83836717690617,4,1,2,3,3,0,1,7,8,4,2,3,913,2017-03-07
67,13.4,22,7.964923100695951,3,2,3,2,3,0,1,5,8,4,5,3,914,2017-03-14
113,22.6,13,4.63033476111609,1,4,1,4,0,1,2,8,2,2,1,2,915,2017-03-21
116,23.2,13,5.192301994298868,2,3,0,5,2,1,2,1,5,5,2,3,916,2017-03-28
71,14.2,26,9.785703858180055,3,2,3,2,0,1,2,8,1,14,3,3,917,2017-04-04
114,22.8,13,4.707440918375928,2,3,0,5,1,0,1,4,2,5,2,2,918,2017-04-11
58,11.6,19,6.740919818541086,4,1,4,1,2,0,1,3,2,6,8,3,919,2017-04-18
91,18.2,20,7.467261881037787,3,2,2,3,1,1,2,10,7,2,1,3,920,2017-04-25
68,13.6,24,8.616263691415206,0,5,4,1,0,0,1,2,2,4,16,3,921,2017-05-02
72,14.4,20,7.172168430816444,2,3,3,2,2,2,2,11,1,7,1,3,922,2017-05-09
98,19.6,19,6.2801273872430325,2,3,1,4,0,2,3,12,1,1,5,2,923,2017-05-16
54,10.8,21,7.19444229944198,2,3,4,1,3,1,2,5,1,6,9,3,924,2017-05-23
99,19.8,21,7.833262411026457,3,2,2,3,1,0,1,5,5,8,3,4,925,2017-05-30
86,17.2,26,10.047885349664377,4,1,2,3,2,0,1,6,9,9,2,3,926,2017-06-06
49,9.8,17,6.615134163416491,3,2,3,2,2,2,2,5,1,10,1,2,927,2017-06-13
66,13.2,19,6.881860213634101,4,1,3,2,3,0,1,5,2,8,4,3,928,2017-06-20
42,8.4,18,6.529931086925803,2,3,4,1,3,1,2,2,1,6,9,3,929,2017-06-27
99,19.8,18,7.025667228100119,3,2,2,3,0,1,2,5,10,1,2,3,930,2017-07-04
72,14.4,23,10.011992808627062,2,3,2,3,2,2,2,1,15,6,1,3,931,2017-07-11
54,10.8,18,7.386474125047755,4,1,3,2,3,0,1,2,11,3,2,2,932,2017-07-18
84,16.8,26,11.08873302050329,2,3,2,3,2,1,2,1,18,4,3,2,933,2017-07-25
42,8.4,10,3.4409301068170506,4,1,5,0,4,1,2,4,1,3,2,2,934,2017-08-01
78,15.6,28,9.414881836751857,4,1,3,2,4,0,1,8,2,7,11,4,935,2017-08-08
107,21.4,24,7.939773296511683,5,0,1,4,3,0,1,14,2,2,6,3,936,2017-08-15
69,13.8,19,6.11228271597445,3,2,4,1,2,1,2,7,1,2,9,3,937,2017-08-22
72,14.4,18,6.945502141674136,2,3,2,3,0,1,2,5,7,5,1,3,938,2017-08-29
91,18.2,20,7.277362159464101,1,4,2,3,1,0,1,4,8,3,5,3,939,2017-09-05
93,18.6,24,10.05186549850325,3,2,2,3,0,1,2,5,16,2,1,2,940,2017-09-12
69,13.8,25,8.133879763065101,3,2,4,1,2,1,2,8,1,3,13,3,941,2017-09-19
70,14.0,27,9.979979959899719,2,3,3,2,3,0,1,5,3,12,7,3,942,2017-09-26
91,18.2,26,9.88736567544662,1,4,2,3,1,0,1,7,7,10,2,4,943,2017-10-03
72,14.4,22,7.255342858886822,4,1,3,2,3,0,1,6,2,3,11,3,944,2017-10-10
108,21.6,17,5.986651818838306,4,1,1,4,2,0,1,3,4,4,6,3,945,2017-10-17
100,20.0,24,9.186947262284681,2,3,2,3,2,1,2,9,10,4,1,3,946,2017-10-24
80,16.0,24,9.423375191511797,4,1,2,3,3,0,1,4,12,5,3,3,947,2017-10-31
56,11.2,19,6.554387843269576,2,3,4,1,2,1,2,3,6,1,9,3,948,2017-11-07
35,7.0,20,7.238784428341543,3,2,4,1,2,2,2,1,3,1,15,2,949,2017-11-14
67,13.4,23,7.939773296511683,1,4,4,1,1,0,1,3,4,2,14,3,950,2017-11-21
77,15.4,24,9.520504188329525,3,2,3,2,1,1,2,6,3,14,1,3,951,2017-11-28
63,12.6,14,5.043808085167397,1,4,3,2,0,1,2,6,5,1,2,2,952,2017-12-05
69,13.8,25,9.947864092356712,3,2,3,2,2,1,2,1,4,13,7,2,953,2017-12-12
96,19.2,14,5.075431016179809,4,1,1,4,2,0,1,5,5,2,2,2,954,2017-12-19
89,17.8,21,7.359347797189639,3,2,2,3,1,0,1,3,5,4,9,4,955,2017-12-26
90,18.0,23,7.615773105863909,2,3,2,3,1,0,1,9,3,4,7,3,956,2018-01-09
103,20.6,29,10.818502669038816,3,2,2,3,3,0,1,13,11,3,2,4,957,2018-01-16
64,12.8,16,5.74108003776293,4,1,3,2,3,0,1,7,5,2,2,2,958,2018-01-23
47,9.4,17,6.468384651518491,3,2,4,1,3,1,2,1,6,5,5,2,959,2018-01-30
46,9.2,18,7.359347797189639,2,3,3,2,3,1,2,1,2,11,4,3,960,2018-02-06
80,16.0,27,9.055385138137417,2,3,2,3,3,0,1,9,7,2,9,3,961,2018-02-13
71,14.2,22,7.413501197140255,3,2,3,2,1,0,1,7,5,3,7,3,962,2018-02-20
77,15.4,24,8.867919710958146,3,2,2,3,2,0,1,3,10,4,7,3,963,2018-02-27
120,24.0,14,5.477225575051661,2,3,0,5,1,1,2,3,8,1,2,3,964,2018-03-06
82,16.4,21,6.974238309665077,4,1,3,2,3,0,1,6,2,4,9,3,965,2018-03-13
90,18.0,26,10.315037566582102,4,1,2,3,1,2,3,10,14,1,1,3,966,2018-03-20
67,13.4,27,9.43610088966836,3,2,4,1,3,0,1,3,4,3,17,3,967,2018-03-27
60,12.0,23,8.740709353364863,2,3,3,2,1,0,1,4,5,10,4,3,968,2018-04-03
74,14.8,26,10.49571341072154,2,3,2,3,0,0,1,3,14,6,3,3,969,2018-04-10
80,16.0,26,11.081516141756055,2,3,2,3,2,1,2,2,15,8,1,3,970,2018-04-17
86,17.2,17,5.635601121442148,2,3,1,4,2,1,2,10,1,2,4,3,971,2018-04-24
102,20.4,14,4.5431266766402185,4,1,1,4,2,1,2,6,2,1,5,2,972,2018-05-01
64,12.8,30,10.047885349664377,4,1,4,1,3,1,2,6,5,1,18,3,973,2018-05-08
100,20.0,17,5.830951894845301,2,3,1,4,0,0,1,8,3,3,3,2,974,2018-05-15
104,20.8,19,7.025667228100119,2,3,1,4,2,2,2,8,1,9,1,2,975,2018-05-22
56,11.2,17,6.8527366796047255,2,3,3,2,2,1,2,2,11,1,3,2,976,2018-05-29
92,18.4,14,5.122499389946279,4,1,1,4,2,2,3,8,4,1,1,3,977,2018-06-05
83,16.6,27,10.461357464497617,1,4,2,3,0,0,1,7,12,6,2,2,978,2018-06-12
87,17.4,27,10.248902380255165,3,2,2,3,1,0,1,9,13,2,3,3,979,2018-06-19
120,24.0,23,8.366600265340756,2,3,1,4,1,1,2,16,3,3,1,3,980,2018-06-26
98,19.6,20,8.309031231136396,2,3,2,3,2,1,2,1,8,9,2,3,981,2018-07-03
82,16.4,22,8.452218643646175,2,3,2,3,1,0,1,3,12,2,5,2,982,2018-07-10
66,13.2,17,5.706137047074843,2,3,4,1,1,0,1,4,2,3,8,3,983,2018-07-17
54,10.8,25,9.453041838477178,2,3,3,2,2,1,2,2,1,11,11,3,984,2018-07-24
75,15.0,21,6.957010852370434,3,2,2,3,3,1,2,6,5,1,9,3,985,2018-07-31
96,19.2,26,9.346657156438338,4,1,1,4,0,1,2,20,1,3,2,2,986,2018-08-07
72,14.4,15,4.963869458396343,4,1,3,2,2,0,1,7,2,2,4,3,987,2018-08-14
56,11.2,20,6.523802572120037,4,1,4,1,1,0,1,8,2,3,7,3,988,2018-08-21
65,13.0,28,9.633275663033837,1,4,3,2,2,0,1,5,3,6,14,3,989,2018-08-28
77,15.4,22,8.333066662399863,5,0,2,3,3,0,1,6,8,6,2,3,990,2018-09-04
58,11.6,29,10.423051376636305,4,1,4,1,1,0,1,2,6,6,15,3,991,2018-09-11
83,16.6,30,9.687104830649869,3,2,2,3,2,0,1,13,3,3,11,4,992,2018-09-18
88,17.6,29,12.531560158256434,2,3,2,3,1,1,2,3,20,5,1,3,993,2018-09-25
92,18.4,24,9.707728879609277,4,1,2,3,3,1,2,1,11,8,4,4,994,2018-10-02
71,14.2,29,10.533755265810955,3,2,3,2,1,0,1,4,9,7,9,4,995,2018-10-09
96,19.2,17,5.635601121442148,2,3,1,4,1,1,2,10,1,2,4,3,996,2018-10-16
37,7.4,13,4.841487374764082,3,2,5,0,2,0,1,2,5,3,3,2,997,2018-10-23
72,14.4,24,8.935323161475472,4,1,2,3,2,1,2,6,12,1,5,3,998,2018-10-30
90,18.0,23,7.3484692283495345,2,3,1,4,2,1,2,11,1,2,9,3,999,2018-11-06
69,13.8,23,7.959899496852959,1,4,3,2,1,0,1,5,6,4,8,3,1000,2018-11-13
82,16.4,22,7.657675887630659,2,3,2,3,1,0,1,7,4,6,5,3,1001,2018-11-20
69,13.8,25,8.749857141690944,3,2,3,2,2,0,1,7,2,9,7,3,1002,2018-11-27
91,18.2,18,6.493073232299171,3,2,3,2,2,1,2,3,1,7,7,2,1003,2018-12-04
98,19.6,29,10.170545708072897,2,3,1,4,0,0,1,17,4,5,3,4,1004,2018-12-11
93,18.6,26,9.221713506718803,3,2,2,3,3,0,1,8,5,8,5,4,1005,2018-12-18
93,18.6,16,5.6780278266313555,3,2,2,3,2,0,1,5,4,4,3,2,1006,2018-12-25
79,15.8,29,10.609429767899876,3,2,3,2,3,1,2,8,1,14,6,4,1007,2019-01-08
82,16.4,24,10.669582934679312,2,3,2,3,1,2,2,1,18,4,1,2,1008,2019-01-15
77,15.4,25,9.264987857520376,3,2,2,3,3,0,1,6,9,6,4,3,1009,2019-01-22
98,19.6,20,6.468384651518491,2,3,1,4,1,1,2,7,3,1,9,3,1010,2019-01-29
107,21.4,22,8.357032966310472,3,2,1,4,1,1,2,7,5,9,1,4,1011,2019-02-05
87,17.4,28,9.971960689854328,3,2,2,3,2,0,1,12,5,8,3,3,1012,2019-02-12
65,13.0,27,9.57078889120432,3,2,3,2,2,0,1,5,5,8,9,3,1013,2019-02-19
85,17.0,21,7.014271166700073,3,2,1,4,2,1,2,13,2,1,5,3,1014,2019-02-26
59,11.8,22,8.930845424706442,3,2,3,2,2,1,2,2,1,14,5,2,1015,2019-03-05
101,20.2,22,7.858753081755401,5,0,1,4,2,0,1,16,2,2,2,2,1016,2019-03-12
93,18.6,15,5.535341001239218,3,2,1,4,1,1,2,7,5,2,1,3,1017,2019-03-19
108,21.6,16,6.1838499334961226,4,1,1,4,3,0,1,3,7,4,2,2,1018,2019-03-26
74,14.8,19,8.084553172563094,2,3,2,3,2,2,2,1,10,7,1,3,1019,2019-04-02
86,17.2,27,9.368030742904295,2,3,2,3,2,0,1,9,5,7,6,4,1020,2019-04-09
109,21.8,16,5.455272678794342,5,0,1,4,4,0,1,6,4,2,4,2,1021,2019-04-16
98,19.6,24,9.156418513807678,4,1,2,3,3,0,1,8,11,3,2,3,1022,2019-04-23
85,17.0,24,8.854377448471462,1,4,2,3,2,1,2,10,10,1,3,3,1023,2019-04-30
78,15.6,24,8.685620300243386,2,3,3,2,2,1,2,7,1,11,5,3,1024,2019-05-07
62,12.4,20,7.939773296511683,4,1,3,2,4,1,2,1,9,6,4,3,1025,2019-05-14
80,16.0,23,7.874007874011811,2,3,3,2,1,1,2,11,1,7,4,3,1026,2019-05-21
76,15.2,22,8.541662601625049,4,1,2,3,2,1,2,1,11,4,6,3,1027,2019-05-28
56,11.2,25,9.325234581499814,2,3,3,2,2,1,2,1,5,8,11,3,1028,2019-06-04
56,11.2,26,9.389355675444401,4,1,4,1,3,1,2,1,5,2,18,3,1029,2019-06-11
126,25.2,7,2.481934729198171,2,3,0,5,0,2,3,3,2,1,1,1,1030,2019-06-18
74,14.8,18,7.110555533852471,4,1,2,3,3,0,1,3,9,4,2,3,1031,2019-06-25
71,14.2,25,8.795453370918407,3,2,3,2,0,0,1,8,5,7,5,3,1032,2019-07-02
83,16.6,29,10.031948963187563,1,4,3,2,2,0,1,10,2,10,7,4,1033,2019-07-09
118,23.6,17,6.280127387243033,2,3,1,4,1,2,3,10,5,1,1,2,1034,2019-07-16
69,13.8,28,9.579144011862438,3,2,3,2,3,0,1,5,3,5,15,3,1035,2019-07-23
88,17.6,21,7.28285658241325,2,3,2,3,2,0,1,7,2,7,5,3,1036,2019-07-30
100,20.0,20,6.985699678629192,4,1,1,4,3,1,2,12,4,1,3,3,1037,2019-08-06
81,16.2,28,10.833282051160674,3,2,2,3,3,0,1,3,16,2,7,3,1038,2019-08-13
99,19.8,26,8.681013765684282,1,4,1,4,1,0,1,15,3,2,6,4,1039,2019-08-20
82,16.4,20,8.089499366462674,4,1,3,2,2,0,1,3,3,12,2,3,1040,2019-08-27
68,13.6,24,7.939773296511683,4,1,4,1,1,1,2,6,5,1,12,3,1041,2019-09-03
93,18.6,17,6.468384651518491,3,2,2,3,3,1,2,1,7,4,5,2,1042,2019-09-10
88,17.6,18,7.889233169326409,4,1,2,3,2,2,3,2,14,1,1,2,1043,2019-09-17
116,23.2,18,6.734983296193095,2,3,1,4,1,1,2,7,8,1,2,3,1044,2019-09-24
43,8.6,15,5.238320341483519,3,2,4,1,3,0,1,2,2,3,8,2,1045,2019-10-01
120,24.0,13,4.604345773288535,2,3,0,5,2,2,2,7,1,4,1,2,1046,2019-10-08
90,18.0,18,7.0710678118654755,2,3,2,3,1,1,2,4,7,6,1,3,1047,2019-10-15
62,12.4,22,7.8383671769061705,4,1,3,2,3,0,1,7,3,8,4,3,1048,2019-10-22
96,19.2,29,9.947864092356712,2,3,1,4,2,0,1,14,5,5,5,4,1049,2019-10-29
87,17.4,26,8.822698000045111,3,2,2,3,3,0,1,13,4,4,5,3,1050,2019-11-05
73,14.6,15,5.885575587824865,3,2,3,2,2,2,2,4,1,9,1,3,1051,2019-11-12
61,12.2,22,7.6000000000000005,1,4,4,1,0,1,2,4,1,5,12,3,1052,2019-11-19
57,11.4,21,7.964923100695952,3,2,3,2,4,1,2,1,10,3,7,3,1053,2019-11-26
103,20.6,29,10.05186549850325,3,2,1,4,3,1,2,17,6,1,5,4,1054,2019-12-03
64,12.8,20,8.158431221748456,4,1,2,3,2,1,2,4,13,1,2,3,1055,2019-12-10
75,15.0,22,7.615773105863909,3,2,3,2,1,0,1,9,2,7,4,3,1056,2019-12-17
92,18.4,17,6.374950980203691,4,1,2,3,2,0,1,4,8,2,3,3,1057,2019-12-24
88,17.6,25,8.685620300243386,2,3,1,4,2,0,1,14,3,5,3,3,1058,2020-01-07
60,12.0,16,5.549774770204643,2,3,3,2,3,0,1,9,2,3,2,2,1059,2020-01-14
125,25.0,12,4.147288270665544,3,2,0,5,3,1,2,4,1,4,3,3,1060,2020-01-21
85,17.0,23,8.414273587185052,3,2,2,3,3,0,1,5,9,4,5,3,1061,2020-01-28
115,23.0,17,6.418722614352485,3,2,1,4,3,0,1,4,5,6,2,3,1062,2020-02-04
101,20.2,17,6.144916598294887,1,4,1,4,0,1,2,8,2,6,1,2,1063,2020-02-11
71,14.2,28,11.889491158161478,3,2,3,2,2,1,2,4,3,20,1,2,1064,2020-02-18
80,16.0,23,7.974960814950754,2,3,3,2,2,0,1,3,3,2,15,3,1065,2020-02-25
97,19.4,8,3.006659275674582,3,2,1,4,2,1,2,2,3,2,1,2,1066,2020-03-03
68,13.6,26,8.452218643646177,2,3,4,1,2,0,1,8,3,2,13,3,1067,2020-03-10
80,16.0,29,11.575836902790225,2,3,2,3,3,1,2,1,17,4,7,3,1068,2020-03-17
52,10.4,24,8.616263691415208,4,1,4,1,1,0,1,2,6,5,11,3,1069,2020-03-24
85,17.0,24,9.959919678390985,5,0,3,2,3,0,1,2,2,16,4,4,1070,2020-03-31
67,13.4,29,12.815615474880635,3,2,3,2,3,2,3,1,1,23,4,3,1071,2020-04-07
42,8.4,10,4.127953488110059,2,3,5,0,2,2,2,1,6,2,1,2,1072,2020-04-14
90,18.0,28,9.695359714832659,2,3,2,3,2,0,1,11,8,3,6,4,1073,2020-04-21
102,20.4,12,4.029888335921977,2,3,1,4,0,0,1,3,2,2,5,2,1074,2020-04-28
75,15.0,27,8.921883209278185,3,2,3,2,3,0,1,7,2,3,15,3,1075,2020-05-05
71,14.2,21,8.328265125462805,3,2,3,2,3,0,1,2,4,11,4,3,1076,2020-05-12
95,19.0,28,9.38083151964686,5,0,1,4,4,0,1,14,2,6,6,4,1077,2020-05-19
71,14.2,22,7.35934779718964,3,2,2,3,2,1,2,7,6,1,8,3,1078,2020-05-26
64,12.8,24,8.352245207128439,0,5,3,2,1,0,1,4,8,2,10,3,1079,2020-06-02
62,12.4,17,6.974238309665077,4,1,3,2,3,1,2,1,8,6,2,3,1080,2020-06-09
58,11.6,23,10.55651457631732,2,3,3,2,2,3,3,1,1,20,1,2,1081,2020-06-16
65,13.0,28,10.564090116995406,3,2,3,2,3,1,2,1,12,5,10,3,1082,2020-06-23
78,15.6,28,11.586198686368192,4,1,2,3,3,0,1,2,16,7,3,3,1083,2020-06-30
118,23.6,20,7.525955088890712,4,1,1,4,4,1,2,8,9,1,2,3,1084,2020-07-07
80,16.0,19,6.782329983125268,2,3,2,3,1,2,2,1,6,1,11,3,1085,2020-07-14
97,19.4,28,9.911609354691093,1,4,1,4,2,1,2,16,1,9,2,4,1086,2020-07-21
33,6.6,15,5.388877434122992,3,2,4,1,1,1,2,2,1,5,7,2,1087,2020-07-28
67,13.4,24,8.138795979750322,1,4,3,2,2,0,1,6,6,3,9,3,1088,2020-08-04
75,15.0,19,6.663332499583072,3,2,2,3,3,1,2,10,5,1,3,3,1089,2020-08-11
78,15.6,21,7.445804187594515,2,3,3,2,0,0,1,8,3,7,3,3,1090,2020-08-18
100,20.0,30,11.171392035015153,4,1,2,3,2,0,1,13,11,4,2,4,1091,2020-08-25
77,15.4,13,4.586937976471886,3,2,3,2,2,1,2,4,1,5,3,3,1092,2020-09-01
84,16.8,28,9.53729521405309,2,3,2,3,3,0,1,10,5,6,7,4,1093,2020-09-08
52,10.4,19,6.887670143089026,2,3,4,1,2,0,1,2,3,6,8,3,1094,2020-09-15
75,15.0,20,7.26636084983398,1,4,2,3,0,0,1,6,6,5,3,3,1095,2020-09-22
57,11.4,21,8.754427451295717,1,4,3,2,1,1,2,1,10,8,2,3,1096,2020-09-29
78,15.6,19,6.529931086925803,2,3,2,3,2,1,2,7,6,1,5,3,1097,2020-10-06
92,18.4,28,10.190191362285598,4,1,2,3,4,0,1,10,4,11,3,4,1098,2020-10-13
46,9.2,22,8.207313811473275,4,1,4,1,3,0,1,2,2,9,9,3,1099,2020-10-20
102,20.4,14,5.043808085167396,4,1,1,4,2,1,2,5,1,6,2,2,1100,2020-10-27
60,12.0,28,9.273618495495704,2,3,4,1,1,0,1,7,2,2,17,3,1101,2020-11-03
96,19.2,21,7.833262411026456,2,3,2,3,2,0,1,5,7,6,3,3,1102,2020-11-10
66,13.2,30,11.106754701531855,4,1,3,2,2,1,2,5,1,14,10,3,1103,2020-11-17
94,18.8,21,7.0823724838503095,2,3,1,4,2,0,1,9,4,3,5,3,1104,2020-11-24
78,15.6,22,7.657675887630659,2,3,2,3,1,0,1,7,5,5,5,3,1105,2020-12-01
96,19.2,28,9.495261976375375,2,3,1,4,1,0,1,16,3,4,5,4,1106,2020-12-08
80,16.0,22,7.615773105863909,2,3,2,3,2,0,1,3,6,2,11,3,1107,2020-12-15
66,13.2,13,4.707440918375928,2,3,3,2,2,0,1,4,4,3,2,2,1108,2020-12-22
92,18.4,20,7.418894796396564,4,1,2,3,2,1,2,8,2,9,1,3,1109,2020-12-29
79,15.8,26,9.785703858180055,3,2,2,3,4,0,1,5,12,4,5,3,1110,2021-01-05
53,10.6,29,10.9288608738514,3,2,4,1,4,2,3,1,1,9,18,3,1111,2021-01-12
57,11.4,20,7.337574531137657,3,2,4,1,2,1,2,1,2,5,12,3,1112,2021-01-19
113,22.6,8,3.2619012860600183,3,2,0,5,1,3,3,1,1,5,1,2,1113,2021-01-26
97,19.4,19,6.829348431585549,3,2,1,4,1,1,2,11,3,4,1,3,1114,2021-02-02
52,10.4,27,9.76933979345585,2,3,4,1,3,0,1,2,2,5,18,3,1115,2021-02-09
112,22.4,22,7.889233169326408,4,1,1,4,2,1,2,17,1,2,2,2,1116,2021-02-16
96,19.2,26,9.537295214053092,2,3,2,3,1,0,1,9,9,5,3,4,1117,2021-02-23
93,18.6,21,8.114185110040317,3,2,2,3,2,0,1,5,3,11,2,3,1118,2021-03-02
66,13.2,9,3.655133376499413,2,3,3,2,1,2,2,1,2,5,1,2,1119,2021-03-09
71,14.2,29,9.662297863344929,3,2,3,2,4,1,2,8,1,6,14,3,1120,2021-03-16
102,20.4,12,4.2708313008125245,4,1,1,4,2,1,2,6,2,3,1,2,1121,2021-03-23
84,16.8,20,8.23164625090267,2,3,3,2,0,1,2,1,5,11,3,3,1122,2021-03-30
107,21.4,22,8.357032966310472,3,2,1,4,3,1,2,10,9,2,1,3,1123,2021-04-06
48,9.6,24,8.867919710958144,2,3,4,1,1,1,2,1,2,2,19,2,1124,2021-04-13
53,10.6,19,6.56048778674269,1,4,4,1,1,0,1,4,4,4,7,3,1125,2021-04-20
95,19.0,25,10.545141061171254,1,4,2,3,1,1,2,2,12,10,1,3,1126,2021-04-27
109,21.8,20,7.222188034107115,1,4,1,4,0,1,2,14,2,3,1,2,1127,2021-05-04
78,15.6,26,9.93176721434811,2,3,3,2,2,0,1,3,6,11,6,4,1128,2021-05-11
89,17.8,25,10.186265262597475,3,2,2,3,2,1,2,4,7,13,1,4,1129,2021-05-18
70,14.0,21,9.444575162494075,2,3,3,2,1,2,2,1,2,17,1,2,1130,2021-05-25
78,15.6,23,9.178235124467012,2,3,3,2,2,0,1,2,3,13,5,3,1131,2021-06-01
54,10.8,15,6.11228271597445,2,3,4,1,1,2,2,1,10,1,3,2,1132,2021-06-08
112,22.4,16,6.151422599691879,2,3,1,4,2,0,1,3,6,5,2,3,1133,2021-06-15
90,18.0,22,7.720103626247513,2,3,2,3,2,0,1,7,7,3,5,3,1134,2021-06-22
98,19.6,21,6.974238309665078,4,1,1,4,3,0,1,12,2,2,5,3,1135,2021-06-29
91,18.2,12,4.534313619501853,3,2,2,3,2,1,2,4,5,2,1,2,1136,2021-07-06
92,18.4,24,9.457272334029511,4,1,2,3,2,1,2,1,13,4,6,3,1137,2021-07-13
114,22.8,15,5.491812087098393,2,3,1,4,2,1,2,6,3,5,1,2,1138,2021-07-20
100,20.0,19,6.723094525588644,2,3,1,4,2,1,2,4,1,7,7,3,1139,2021-07-27
82,16.4,21,7.2,4,1,2,3,4,0,1,4,6,2,9,3,1140,2021-08-03
83,16.6,18,6.151422599691879,3,2,2,3,1,1,2,3,5,1,9,3,1141,2021-08-10
118,23.6,19,6.800000000000001,4,1,1,4,3,1,2,12,2,4,1,3,1142,2021-08-17
69,13.8,24,9.15204895091804,3,2,2,3,2,1,2,1,12,3,8,3,1143,2021-08-24
80,16.0,26,8.87693640846886,2,3,3,2,1,0,1,7,3,7,9,4,1144,2021-08-31
104,20.8,20,7.730459236035076,2,3,2,3,2,0,1,3,6,8,3,3,1145,2021-09-07
79,15.8,26,11.443775600735973,3,2,3,2,3,2,2,1,6,18,1,4,1146,2021-09-14
93,18.6,23,9.687104830649869,3,2,2,3,2,0,1,2,15,4,2,2,1147,2021-09-21
44,8.8,18,6.997142273814361,4,1,4,1,2,0,1,2,3,9,4,2,1148,2021-09-28
66,13.2,15,4.874423042781577,2,3,4,1,1,1,2,7,2,1,5,3,1149,2021-10-05
80,16.0,28,10.583005244258363,4,1,3,2,2,0,1,9,3,14,2,3,1150,2021-10-12
114,22.8,17,6.675327707311455,2,3,1,4,1,1,2,4,3,9,1,3,1151,2021-10-19
78,15.6,25,8.777243302996677,2,3,3,2,2,0,1,10,2,9,4,3,1152,2021-10-26
128,25.6,13,4.63033476111609,4,1,0,5,2,1,2,8,2,2,1,3,1153,2021-11-02
76,15.2,15,6.11228271597445,2,3,3,2,0,1,2,1,2,9,3,3,1154,2021-11-09
58,11.6,18,6.248199740725324,4,1,3,2,2,0,1,8,4,3,3,2,1155,2021-11-16
75,15.0,29,11.916375287812984,3,2,3,2,1,0,1,2,11,13,3,4,1156,2021-11-23
58,11.6,28,9.850888284819801,2,3,4,1,3,1,2,4,1,6,17,3,1157,2021-11-30
89,17.8,25,9.410632284814874,3,2,2,3,1,1,2,13,9,2,1,3,1158,2021-12-07
86,17.2,20,7.30479294709987,2,3,3,2,2,1,2,1,2,4,13,2,1159,2021-12-14
103,20.6,24,7.863841300535,3,2,1,4,3,0,1,12,3,2,7,4,1160,2021-12-21
66,13.2,21,7.110555533852471,4,1,3,2,3,0,1,6,4,4,7,3,1161,2021-12-28
99,19.8,27,9.282241108697834,3,2,1,4,3,1,2,19,2,1,5,2,1162,2022-01-04
73,14.6,27,9.645724441429994,3,2,3,2,3,0,1,7,2,11,7,3,1163,2022-01-11
89,17.8,27,10.107423014794623,3,2,2,3,2,0,1,5,10,7,5,4,1164,2022-01-18
92,18.4,26,9.457272334029511,4,1,2,3,3,0,1,8,3,11,4,4,1165,2022-01-25
73,14.6,19,6.343500610861482,3,2,3,2,2,0,1,5,3,3,8,3,1166,2022-02-01
94,18.8,28,10.02796090937734,2,3,2,3,1,0,1,12,7,6,3,4,1167,2022-02-08
87,17.4,26,9.090654541890808,3,2,3,2,3,1,2,8,1,10,7,4,1168,2022-02-15
65,13.0,26,9.549869109050658,5,0,3,2,1,0,1,6,2,12,6,2,1169,2022-02-22
84,16.8,26,8.44748483277715,0,5,1,4,1,0,1,14,2,2,8,3,1170,2022-03-01
49,9.8,22,8.37615663654877,3,2,3,2,2,0,1,2,3,10,7,3,1171,2022-03-08
118,23.6,18,6.529931086925803,2,3,1,4,2,1,2,13,2,2,1,2,1172,2022-03-15
63,12.6,24,8.777243302996677,3,2,3,2,2,1,2,1,9,3,11,3,1173,2022-03-22
91,18.2,25,10.833282051160673,3,2,2,3,2,2,2,1,15,8,1,3,1174,2022-03-29
68,13.6,28,9.457272334029511,4,1,3,2,2,1,2,6,8,1,13,3,1175,2022-04-05
89,17.8,28,10.303397497913005,3,2,2,3,1,0,1,11,8,7,2,3,1176,2022-04-12
80,16.0,27,9.23038460737146,2,3,2,3,1,0,1,7,6,5,9,4,1177,2022-04-19
50,10.0,21,7.211102550927978,4,1,4,1,2,0,1,4,4,4,9,3,1178,2022-04-26
112,22.4,12,4.498888751680797,2,3,0,5,1,2,3,1,1,5,5,3,1179,2022-05-03
99,19.8,16,6.43117407632541,3,2,2,3,2,1,2,2,1,10,3,2,1180,2022-05-10
62,12.4,20,6.7111846942250075,2,3,3,2,2,0,1,7,4,3,6,3,1181,2022-05-17
87,17.4,21,7.787168933572715,1,4,2,3,1,0,1,3,10,2,6,3,1182,2022-05-24
48,9.6,12,4.454211490264017,4,1,5,0,2,1,2,4,2,5,1,2,1183,2022-05-31
71,14.2,22,7.934733769950949,3,2,3,2,2,0,1,3,4,7,8,3,1184,2022-06-07
70,14.0,21,7.014271166700073,2,3,2,3,1,1,2,13,2,1,5,3,1185,2022-06-14
89,17.8,19,7.0823724838503095,3,2,3,2,1,0,1,4,2,9,4,3,1186,2022-06-21
48,9.6,20,7.2,4,1,4,1,4,1,2,2,1,5,12,3,1187,2022-06-28
113,22.6,29,10.518555033843766,3,2,1,4,3,1,2,23,1,3,2,3,1188,2022-07-05
68,13.6,16,6.151422599691879,2,3,2,3,2,2,2,1,9,1,5,3,1189,2022-07-12
98,19.6,25,8.685620300243386,2,3,1,4,2,1,2,17,3,1,4,2,1190,2022-07-19
98,19.6,15,5.607138307550474,2,3,1,4,1,1,2,5,4,5,1,2,1191,2022-07-26
78,15.6,27,9.645724441429996,2,3,3,2,2,1,2,6,1,11,9,4,1192,2022-08-02
44,8.8,19,6.554387843269576,2,3,4,1,1,0,1,3,4,3,9,3,1193,2022-08-09
53,10.6,17,7.002856560004639,3,2,3,2,3,0,1,2,2,11,2,3,1194,2022-08-16
51,10.2,11,3.867815921162743,3,2,5,0,3,2,2,7,1,2,1,2,1195,2022-08-23
65,13.0,22,8.48528137423857,5,0,2,3,4,0,1,4,12,2,4,3,1196,2022-08-30
86,17.2,20,8.304215796810679,4,1,2,3,2,1,2,2,8,9,1,3,1197,2022-09-06
99,19.8,21,9.064215354899728,3,2,2,3,3,2,2,1,6,13,1,2,1198,2022-09-13
89,17.8,22,7.678541528180987,3,2,2,3,3,0,1,7,6,4,5,3,1199,2022-09-20
82,16.4,22,7.735631842325486,0,5,1,4,1,0,1,14,2,4,2,3,1200,2022-09-27
72,14.4,29,11.42978564978364,2,3,2,3,2,1,2,1,14,7,7,4,1201,2022-10-04
81,16.2,26,10.796295661012625,3,2,3,2,1,1,2,1,10,12,3,4,1202,2022-10-11
50,10.0,15,5.176871642217914,2,3,4,1,2,1,2,3,1,4,7,2,1203,2022-10-18
65,13.0,15,5.440588203494177,1,4,3,2,1,0,1,5,2,6,2,3,1204,2022-10-25
91,18.2,17,6.705221845696084,1,4,2,3,1,1,2,1,4,8,4,2,1205,2022-11-01
72,14.4,23,8.16333265278342,2,3,4,1,1,0,1,2,3,2,16,3,1206,2022-11-08
77,15.4,26,9.871170143402452,1,4,3,2,1,0,1,6,6,11,3,3,1207,2022-11-15
73,14.6,22,7.3375745311376575,3,2,3,2,1,1,2,5,5,1,11,3,1208,2022-11-22
98,19.6,16,6.651315659326356,2,3,2,3,1,1,2,2,3,10,1,2,1209,2022-11-29
128,25.6,17,6.086049621881176,2,3,1,4,1,2,2,12,1,3,1,3,1210,2022-12-06
79,15.8,22,8.818163074019441,1,4,2,3,0,1,2,4,8,9,1,3,1211,2022-12-13
117,23.4,17,6.468384651518491,3,2,1,4,3,1,2,5,4,7,1,3,1212,2022-12-20
112,22.4,9,3.2,4,1,0,5,2,1,2,4,2,2,1,2,1213,2022-12-27
69,13.8,21,7.6262703859750465,3,2,3,2,2,1,2,4,1,9,7,3,1214,2023-01-10
31,6.2,19,7.025667228100119,3,2,4,1,3,2,3,1,1,2,15,2,1215,2023-01-17
93,18.6,18,7.031358332498778,1,4,2,3,0,0,1,2,6,7,3,2,1216,2023-01-24
77,15.4,17,6.3118935352238,1,4,3,2,0,0,1,2,4,6,5,3,1217,2023-01-31
26,5.2,10,3.4871191548325386,4,1,5,0,3,1,2,2,1,3,4,2,1218,2023-02-07
82,16.4,20,7.578918128598567,4,1,3,2,2,1,2,1,3,8,8,3,1219,2023-02-14
60,12.0,28,9.736529155710468,2,3,4,1,3,1,2,3,6,1,18,3,1220,2023-02-21
75,15.0,22,7.720103626247513,3,2,3,2,2,0,1,7,2,8,5,3,1221,2023-02-28
99,19.8,24,8.588364221433556,1,4,1,4,1,0,1,14,5,3,2,3,1222,2023-03-07
90,18.0,30,10.770329614269007,4,1,2,3,2,0,1,10,10,5,5,4,1223,2023-03-14
47,9.4,21,7.116178749862878,3,2,4,1,2,0,1,4,3,3,11,3,1224,2023-03-21
83,16.6,30,11.825396399275586,5,0,3,2,3,0,1,6,8,14,2,4,1225,2023-03-28
59,11.8,19,7.30479294709987,3,2,3,2,3,0,1,3,8,5,3,3,1226,2023-04-04
63,12.6,25,9.264987857520376,3,2,3,2,2,0,1,4,6,9,6,3,1227,2023-04-11
68,13.6,25,9.520504188329525,2,3,2,3,1,1,2,3,14,1,7,3,1228,2023-04-18
52,10.4,26,9.024411338142782,4,1,4,1,2,0,1,4,2,5,15,3,1229,2023-04-25
88,17.6,19,7.002856560004639,2,3,1,4,1,2,3,14,3,1,1,3,1230,2023-05-02
87,17.4,30,9.850888284819801,3,2,2,3,1,1,2,13,6,1,10,4,1231,2023-05-09
82,16.4,25,10.537551897855593,4,1,2,3,3,1,2,1,12,10,2,3,1232,2023-05-16
70,14.0,20,7.37563556583431,4,1,2,3,4,0,1,5,9,2,4,3,1233,2023-05-23
88,17.6,24,8.957678270623477,2,3,3,2,0,2,2,10,1,12,1,3,1234,2023-05-30
87,17.4,20,7.08801805866774,1,4,2,3,1,0,1,4,5,5,6,3,1235,2023-06-06
99,19.8,30,10.833282051160673,3,2,1,4,2,2,2,17,1,11,1,3,1236,2023-06-13
77,15.4,29,10.818502669038818,3,2,3,2,2,1,2,7,1,15,6,4,1237,2023-06-20
94,18.8,12,4.1182520563948,4,1,1,4,2,0,1,3,3,2,4,2,1238,2023-06-27
75,15.0,23,8.366600265340756,3,2,3,2,2,0,1,2,2,7,12,3,1239,2023-07-04
105,21.0,17,6.603029607687671,3,2,2,3,1,0,1,2,5,7,3,3,1240,2023-07-11
40,8.0,26,9.715966241192895,4,1,4,1,3,2,3,1,1,4,20,2,1241,2023-07-18
76,15.2,22,8.158431221748454,4,1,2,3,3,1,2,2,11,1,8,3,1242,2023-07-25
54,10.8,18,6.794115100585211,2,3,4,1,2,0,1,2,9,2,5,3,1243,2023-08-01
47,9.4,17,5.6780278266313555,3,2,4,1,3,0,1,4,3,2,8,2,1244,2023-08-08
96,19.2,20,8.657944328765346,2,3,2,3,2,2,2,1,5,13,1,3,1245,2023-08-15
102,20.4,12,4.223742416388575,2,3,0,5,1,2,2,1,3,1,7,2,1246,2023-08-22
103,20.6,21,7.605261336732617,3,2,2,3,1,0,1,6,8,3,4,4,1247,2023-08-29
50,10.0,23,8.555699854482976,2,3,4,1,2,1,2,2,1,9,11,3,1248,2023-09-05
62,12.4,14,4.882622246293481,4,1,4,1,2,0,1,2,2,3,7,3,1249,2023-09-12
69,13.8,21,7.138627319029899,3,2,3,2,4,1,2,10,1,6,4,3,1250,2023-09-19
73,14.6,28,13.001538370516007,3,2,3,2,3,3,3,1,1,25,1,2,1251,2023-09-26
71,14.2,29,11.443775600735973,3,2,3,2,1,0,1,3,7,14,5,4,1252,2023-10-03
73,14.6,24,8.138795979750322,5,0,2,3,3,0,1,10,6,2,6,3,1253,2023-10-10
63,12.6,27,9.478396488858229,3,2,3,2,2,0,1,4,7,5,11,3,1254,2023-10-17
49,9.8,21,8.565045242145542,3,2,3,2,4,2,3,1,1,13,6,3,1255,2023-10-24
69,13.8,14,5.635601121442148,3,2,3,2,2,1,2,1,6,5,2,3,1256,2023-10-31
86,17.2,16,5.912698199637793,2,3,2,3,2,0,1,5,6,3,2,3,1257,2023-11-07
70,14.0,27,9.695359714832659,2,3,3,2,2,0,1,3,6,7,11,3,1258,2023-11-14
71,14.2,21,7.19444229944198,3,2,2,3,2,1,2,12,4,1,4,3,1259,2023-11-21
70,14.0,27,10.178408519999577,2,3,3,2,2,0,1,2,10,7,8,3,1260,2023-11-28
125,25.0,12,4.560701700396552,5,0,0,5,3,0,1,2,4,4,2,3,1261,2023-12-05
93,18.6,18,5.885575587824865,3,2,1,4,3,1,2,5,2,1,10,2,1262,2023-12-12
71,14.2,27,11.232096865679177,3,2,3,2,1,1,2,1,13,10,3,3,1263,2023-12-19
68,13.6,25,9.393614852653903,2,3,3,2,2,0,1,5,3,12,5,3,1264,2023-12-26
74,14.8,23,8.44748483277715,4,1,4,1,2,1,2,1,2,4,16,3,1265,2024-01-09
93,18.6,30,10.011992808627062,3,2,1,4,2,1,2,15,6,1,8,4,1266,2024-01-16
95,19.0,16,5.549774770204643,3,2,2,3,2,0,1,2,3,2,9,2,1267,2024-01-23
85,17.0,20,7.4565407529228995,3,2,3,2,2,0,1,2,3,8,7,3,1268,2024-01-30
72,14.4,16,6.086049621881176,2,3,2,3,1,1,2,5,6,4,1,3,1269,2024-02-06
70,14.0,24,8.555699854482976,2,3,2,3,3,0,1,5,9,3,7,3,1270,2024-02-13
97,19.4,7,2.727636339397171,3,2,0,5,3,2,2,1,2,3,1,2,1271,2024-02-20
75,15.0,27,9.695359714832659,3,2,3,2,2,0,1,4,7,7,9,4,1272,2024-02-27
90,18.0,16,5.761944116355173,2,3,1,4,2,1,2,11,2,2,1,3,1273,2024-03-05
40,8.0,13,4.242640687119285,2,3,5,0,1,1,2,6,1,2,4,2,1274,2024-03-12
56,11.2,8,2.7856776554368237,2,3,5,0,2,3,4,5,1,1,1,2,1275,2024-03-19
73,14.6,27,9.134549797335389,3,2,3,2,2,0,1,5,4,3,15,3,1276,2024-03-26
83,16.6,26,8.8,1,4,2,3,2,0,1,11,5,4,6,3,1277,2024-04-02
84,16.8,28,9.6,4,1,2,3,3,0,1,7,9,2,10,4,1278,2024-04-09
83,16.6,27,9.068627239003707,1,4,2,3,0,0,1,13,4,4,6,3,1279,2024-04-16
67,13.4,13,4.841487374764082,3,2,3,2,2,0,1,2,5,3,3,3,1280,2024-04-23
71,14.2,20,6.823488843692792,1,4,3,2,0,0,1,6,5,3,6,3,1281,2024-04-30
108,21.6,29,10.44222198576529,2,3,1,4,3,2,2,20,1,7,1,3,1282,2024-05-07
97,19.4,30,11.551623262554921,5,0,2,3,3,0,1,10,14,4,2,4,1283,2024-05-14
97,19.4,27,10.287856919689348,3,2,2,3,3,0,1,7,12,5,3,4,1284,2024-05-21
75,15.0,21,8.87693640846886,3,2,2,3,2,1,2,1,13,5,2,3,1285,2024-05-28
74,14.8,21,7.730459236035076,2,3,4,1,1,2,2,1,2,1,17,3,1286,2024-06-04
101,20.2,20,7.858753081755401,1,4,2,3,1,0,1,2,11,3,4,3,1287,2024-06-11
68,13.6,18,5.851495535331117,0,5,3,2,0,0,1,8,2,2,6,3,1288,2024-06-18
113,22.6,13,5.083306010855534,3,2,0,5,1,1,2,1,3,6,3,3,1289,2024-06-25
134,26.8,10,3.370459909270543,4,1,0,5,2,1,2,5,1,2,2,2,1290,2024-07-02
51,10.2,28,10.107423014794623,3,2,4,1,3,1,2,1,6,3,18,3,1291,2024-07-09
86,17.2,19,7.386474125047755,4,1,2,3,2,0,1,5,10,2,2,3,1292,2024-07-16
72,14.4,22,8.333066662399863,0,5,3,2,0,0,1,2,2,10,8,3,1293,2024-07-23
107,21.4,21,7.3375745311376575,3,2,1,4,1,1,2,13,1,5,2,2,1294,2024-07-30
74,14.8,22,7.782030583337488,2,3,3,2,1,1,2,7,1,9,5,3,1295,2024-08-06
80,16.0,12,4.381780460041329,4,1,2,3,2,1,2,4,5,1,2,3,1296,2024-08-13
79,15.8,27,9.064215354899728,3,2,2,3,1,0,1,11,5,4,7,3,1297,2024-08-20
48,9.6,15,5.6780278266313555,2,3,4,1,3,1,2,2,8,1,4,2,1298,2024-08-27
45,9.0,15,5.403702434442518,3,2,4,1,2,1,2,1,5,2,7,2,1299,2024-09-03
79,15.8,30,11.9565881421081,3,2,2,3,1,0,1,3,12,11,4,4,1300,2024-09-10
106,21.2,14,5.946427498927402,4,1,2,3,1,2,3,2,10,1,1,2,1301,2024-09-17
70,14.0,18,6.099180272790763,2,3,3,2,2,1,2,5,1,5,7,3,1302,2024-09-24
99,19.8,24,9.325234581499814,3,2,2,3,3,1,2,7,3,13,1,3,1303,2024-10-01
64,12.8,28,10.979981785048643,2,3,3,2,2,1,2,1,2,14,11,3,1304,2024-10-08
92,18.4,23,9.350935782048769,2,3,3,2,2,1,2,5,2,15,1,4,1305,2024-10-15
96,19.2,24,10.814804667676619,4,1,2,3,3,2,3,2,20,1,1,2,1306,2024-10-22
78,15.6,9,3.2619012860600183,2,3,2,3,2,0,1,2,3,2,2,2,1307,2024-10-29
61,12.2,19,6.523802572120037,1,4,3,2,1,0,1,5,4,4,6,3,1308,2024-11-05
99,19.8,23,9.108238029388561,3,2,2,3,1,0,1,6,13,2,2,3,1309,2024-11-12
98,19.6,15,5.748043145279966,2,3,2,3,2,1,2,1,5,5,4,2,1310,2024-11-19
100,20.0,28,10.99090533122727,4,1,2,3,3,1,2,8,16,1,3,4,1311,2024-11-26
87,17.4,21,7.761443164772902,3,2,3,2,2,1,2,2,1,8,10,3,1312,2024-12-03
69,13.8,29,10.979981785048643,3,2,3,2,3,0,1,3,4,13,9,3,1313,2024-12-10
112,22.4,12,4.127953488110059,2,3,0,5,1,1,2,2,1,2,7,3,1314,2024-12-17
102,20.4,24,9.00222194794152,2,3,2,3,1,1,2,9,7,7,1,4,1315,2024-12-24
49,9.8,13,4.354308211415448,3,2,4,1,3,1,2,3,3,1,6,2,1316,2025-01-07
116,23.2,24,8.704022058795578,2,3,1,4,2,1,2,15,4,4,1,3,1317,2025-01-14
80,16.0,24,9.338094023943002,4,1,3,2,3,0,1,2,8,9,5,3,1318,2025-01-21
81,16.2,25,10.127191120937729,1,4,2,3,1,0,1,2,10,10,3,3,1319,2025-01-28
65,13.0,26,11.189280584559492,3,2,3,2,3,1,2,1,4,18,3,2,1320,2025-02-04
61,12.2,24,10.186265262597475,3,2,3,2,1,2,2,4,1,18,1,2,1321,2025-02-11
89,17.8,23,7.6000000000000005,1,4,1,4,1,0,1,11,2,4,6,3,1322,2025-02-18
80,16.0,21,8.270429251254134,2,3,2,3,0,1,2,5,9,6,1,3,1323,2025-02-25
72,14.4,22,8.357032966310472,2,3,3,2,1,1,2,1,8,6,7,3,1324,2025-03-04
95,19.0,15,5.621387729022079,3,2,2,3,1,1,2,5,7,1,2,2,1325,2025-03-11
73,14.6,22,7.657675887630659,3,2,3,2,1,0,1,5,6,4,7,3,1326,2025-03-18
95,19.0,25,10.373041983911952,3,2,2,3,1,1,2,5,17,1,2,2,1327,2025-03-25
86,17.2,30,10.777754868245983,4,1,3,2,1,0,1,11,3,12,4,4,1328,2025-04-01
70,14.0,25,9.85900603509299,2,3,3,2,1,1,2,1,2,13,9,3,1329,2025-04-08
94,18.8,30,10.628264204469138,4,1,2,3,2,1,2,12,11,1,6,4,1330,2025-04-15
88,17.6,19,8.187795796183488,4,1,3,2,2,1,2,2,2,14,1,3,1331,2025-04-22
90,18.0,13,4.33589667773576,2,3,1,4,1,1,2,4,1,3,5,2,1332,2025-04-29
87,17.4,19,7.49933330370107,3,2,2,3,2,1,2,4,7,7,1,3,1333,2025-05-06
88,17.6,26,10.34601372510205,4,1,2,3,2,0,1,5,13,6,2,2,1334,2025-05-13
100,20.0,19,6.356099432828281,2,3,1,4,2,1,2,5,1,4,9,3,1335,2025-05-20
93,18.6,22,8.01498596380555,3,2,1,4,1,2,2,17,1,3,1,2,1336,2025-05-27
73,14.6,19,6.887670143089026,3,2,2,3,3,0,1,8,6,3,2,3,1337,2025-06-03
111,22.2,18,6.554387843269576,3,2,1,4,2,0,1,5,3,7,3,3,1338,2025-06-10
95,19.0,25,8.461678320522472,3,2,2,3,2,0,1,8,7,2,8,4,1339,2025-06-17
100,20.0,19,6.54217089351845,2,3,1,4,1,0,1,11,3,2,3,3,1340,2025-06-24
85,17.0,23,8.246211251235321,1,4,2,3,1,0,1,7,4,8,4,3,1341,2025-07-01
65,13.0,22,7.694153624668538,5,0,3,2,3,0,1,8,4,6,4,3,1342,2025-07-08
98,19.6,26,9.891410415102591,2,3,2,3,2,1,2,9,9,7,1,4,1343,2025-07-15
80,16.0,26,10.488088481701515,2,3,2,3,2,0,1,3,16,3,4,2,1344,2025-07-22
89,17.8,28,10.979981785048643,3,2,3,2,3,1,2,8,3,16,1,3,1345,2025-07-29
94,18.8,25,8.280096617793781,2,3,1,4,2,0,1,11,4,3,7,4,1346,2025-08-05
96,19.2,27,9.410632284814874,2,3,1,4,1,0,1,12,2,9,4,4,1347,2025-08-12
94,18.8,24,8.541662601625049,0,5,1,4,0,0,1,12,4,6,2,3,1348,2025-08-19
77,15.4,27,11.637869220780924,3,2,3,2,3,2,2,1,12,13,1,3,1349,2025-08-26
66,13.2,26,10.303397497913005,2,3,3,2,3,1,2,1,8,11,6,3,1350,2025-09-02
71,14.2,25,8.840814442120138,3,2,3,2,2,1,2,5,1,9,10,3,1351,2025-09-09
63,12.6,24,8.452218643646175,3,2,4,1,3,1,2,3,2,1,18,3,1352,2025-09-16
62,12.4,12,3.9293765408777004,2,3,4,1,2,1,2,5,2,1,4,2,1353,2025-09-23
81,16.2,15,5.192301994298868,3,2,3,2,2,1,2,2,2,1,10,2,1354,2025-09-30
69,13.8,24,9.495261976375375,3,2,3,2,2,0,1,3,4,13,4,3,1355,2025-10-07
79,15.8,18,7.704544113703289,1,4,2,3,1,1,2,1,13,2,2,2,1356,2025-10-14
90,18.0,21,8.48528137423857,4,1,2,3,1,0,1,2,12,4,3,2,1357,2025-10-21
85,17.0,28,11.366617790706258,3,2,2,3,1,0,1,5,16,5,2,2,1358,2025-10-28
55,11.0,19,7.563068160475615,3,2,3,2,1,1,2,2,12,1,4,3,1359,2025-11-04
95,19.0,25,8.390470785361213,1,4,1,4,1,0,1,14,2,4,5,3,1360,2025-11-11
128,25.6,10,3.2619012860600183,2,3,0,5,0,2,3,5,1,1,3,2,1361,2025-11-18
74,14.8,20,6.615134163416491,2,3,3,2,2,1,2,6,1,4,9,3,1362,2025-11-25
84,16.8,25,8.328265125462805,2,3,2,3,2,0,1,6,4,3,12,3,1363,2025-12-02
72,14.4,30,12.354756169184402,4,1,3,2,2,0,1,2,7,17,4,4,1364,2025-12-09
85,17.0,24,9.143303560529969,3,2,2,3,1,0,1,7,10,5,2,3,1365,2025-12-16
91,18.2,25,8.231646250902672,3,2,1,4,2,2,3,16,1,1,7,3,1366,2025-12-23
122,24.4,12,4.63033476111609,4,1,0,5,2,2,3,4,6,1,1,2,1367,2025-12-30
86,17.2,19,8.182909018191515,2,3,2,3,1,2,2,1,12,5,1,2,1368,2026-01-06
22,4.4,10,3.5552777669262356,4,1,5,0,4,2,3,1,1,2,6,2,1369,2026-01-13
73,14.6,30,11.324310133513652,3,2,3,2,2,0,1,4,7,12,7,4,1370,2026-01-20
76,15.2,28,9.579144011862438,2,3,3,2,2,0,1,7,2,8,11,4,1371,2026-01-27
94,18.8,27,9.19565114605812,2,3,2,3,1,0,1,10,7,3,7,4,1372,2026-02-03
93,18.6,22,9.478396488858229,3,2,2,3,2,2,2,1,13,7,1,2,1373,2026-02-10
106,21.2,20,7.6262703859750465,2,3,1,4,1,1,2,6,5,8,1,3,1374,2026-02-17
51,10.2,19,7.30479294709987,3,2,3,2,2,0,1,2,8,5,4,3,1375,2026-02-24
72,14.4,28,9.911609354691095,4,1,3,2,2,0,1,8,2,11,7,3,1376,2026-03-03
95,19.0,28,10.353743284435827,5,0,2,3,5,0,1,10,6,10,2,4,1377,2026-03-10
98,19.6,27,10.05186549850325,2,3,2,3,1,1,2,11,3,12,1,3,1378,2026-03-17
98,19.6,16,6.019966777316964,2,3,2,3,0,0,1,3,3,7,3,2,1379,2026-03-24
63,12.6,20,7.116178749862878,3,2,3,2,1,0,1,9,2,7,2,3,1380,2026-03-31
57,11.4,26,10.61319932913728,1,4,3,2,2,2,3,1,1,16,8,2,1381,2026-04-07
117,23.4,19,6.974238309665077,1,4,1,4,1,1,2,8,4,6,1,3,1382,2026-04-14
106,21.2,22,8.009993757800315,4,1,1,4,3,1,2,9,1,10,2,4,1383,2026-04-21
78,15.6,22,7.418894796396563,4,1,3,2,4,1,2,5,1,4,12,3,1384,2026-04-28
91,18.2,30,11.232096865679178,3,2,2,3,1,0,1,9,11,7,3,4,1385,2026-05-05
116,23.2,19,6.4621977685614045,4,1,1,4,1,0,1,9,4,2,4,3,1386,2026-05-12
79,15.8,30,10.02796090937734,3,2,2,3,2,0,1,9,7,3,11,4,1387,2026-05-19
74,14.8,22,7.984985911070852,2,3,2,3,1,1,2,11,4,6,1,3,1388,2026-05-26
86,17.2,25,10.303397497913005,2,3,3,2,2,1,2,5,2,17,1,4,1389,2026-06-02
84,16.8,24,10.166612021711067,4,1,2,3,2,0,1,3,17,2,2,2,1390,2026-06-09
102,20.4,25,9.221713506718803,2,3,1,4,2,1,2,13,7,4,1,3,1391,2026-06-16
100,20.0,18,6.0,4,1,1,4,4,0,1,6,3,3,6,2,1392,2026-06-23
65,13.0,25,8.318653737234168,3,2,4,1,2,0,1,6,2,3,14,3,1393,2026-06-30
73,14.6,29,10.461357464497617,1,4,3,2,2,0,1,6,2,12,9,4,1394,2026-07-07
129,25.8,11,3.54400902933387,3,2,0,5,1,2,3,5,1,1,4,2,1395,2026-07-14
67,13.4,26,9.156418513807678,1,4,3,2,0,1,2,4,1,7,14,3,1396,2026-07-21
74,14.8,28,10.067770358922575,2,3,3,2,2,0,1,3,8,6,11,4,1397,2026-07-28
115,23.0,16,6.356099432828281,3,2,1,4,1,2,2,1,10,1,4,3,1398,2026-08-04
112,22.4,25,9.13454979733539,2,3,1,4,2,1,2,17,4,3,1,3,1399,2026-08-11
76,15.2,28,8.908422980528035,4,1,3,2,2,1,2,13,1,2,12,3,1400,2026-08-18
112,22.4,16,5.851495535331117,4,1,1,4,3,0,1,2,6,3,5,3,1401,2026-08-25
79,15.8,28,11.267652816802618,3,2,2,3,1,0,1,3,16,5,4,2,1402,2026-09-01
69,13.8,11,3.9698866482558417,3,2,3,2,3,0,1,3,3,3,2,2,1403,2026-09-08
49,9.8,29,10.870142593360955,3,2,4,1,3,2,3,1,1,5,22,2,1404,2026-09-15
